1442,bitcoin,Bitcoin,40:27.6,BTC
1443,ethereum,Ethereum,40:27.6,ETH
1444,ripple,Ripple,40:27.6,XRP
1445,bitcoin-cash,Bitcoin Cash,40:27.6,BCH
1446,cardano,Cardano,40:27.6,ADA
1447,nem,Nem,40:27.6,XEM
1448,litecoin,Litecoin,40:27.6,LTC
1449,neo,Neo,40:27.6,NEO
1450,stellar,Stellar,40:27.6,XLM
1451,iota,Iota,40:27.6,MIOTA
1452,eos,Eos,40:27.6,EOS
1453,dash,Dash,40:27.6,DASH
1454,monero,Monero,40:27.6,XMR
1455,tron,Tron,40:27.6,TRX
1456,bitcoin-gold,Bitcoin Gold,40:27.6,BTG
1457,ethereum-classic,Ethereum Classic,40:27.6,ETC
1458,qtum,Qtum,40:27.6,QTUM
1459,icon,Icon,40:27.6,ICX
1460,lisk,Lisk,40:27.6,LSK
1461,raiblocks,Raiblocks,40:27.6,XRB
1462,omisego,Omisego,40:27.6,OMG
1463,ardor,Ardor,40:27.6,ARDR
1464,stratis,Stratis,40:27.6,STRAT
1465,zcash,Zcash,40:27.6,ZEC
1466,binance-coin,Binance Coin,40:27.6,BNB
1467,verge,Verge,40:27.6,XVG
1468,siacoin,Siacoin,40:27.6,SC
1469,bitconnect,Bitconnect,40:27.6,BCC
1470,populous,Populous,40:27.6,PPT
1471,bytecoin-bcn,Bytecoin Bcn,40:27.6,BCN
1472,vechain,Vechain,40:27.6,VEN
1473,status,Status,40:27.6,SNT
1474,tether,Tether,40:27.6,USDT
1475,bitshares,Bitshares,40:27.6,BTS
1476,steem,Steem,40:27.6,STEEM
1477,dogecoin,Dogecoin,40:27.6,DOGE
1478,waves,Waves,40:27.6,WAVES
1479,kucoin-shares,Kucoin Shares,40:27.6,KCS
1480,augur,Augur,40:27.6,REP
1481,digibyte,Digibyte,40:27.6,DGB
1482,0x,0x,40:27.6,ZRX
1483,komodo,Komodo,40:27.6,KMD
1484,dentacoin,Dentacoin,40:27.6,DCN
1485,dragonchain,Dragonchain,40:27.6,DRGN
1486,veritaseum,Veritaseum,40:27.6,VERI
1487,golem-network-tokens,Golem Network Tokens,40:27.6,GNT
1488,qash,Qash,40:27.6,QASH
1489,electroneum,Electroneum,40:27.6,ETN
1490,smartcash,Smartcash,40:27.6,SMART
1491,ark,Ark,40:27.6,ARK
1492,wax,Wax,40:27.6,WAX
1493,gas,Gas,40:27.6,GAS
1494,hshare,Hshare,40:27.6,HSR
1495,decred,Decred,40:27.6,DCR
1496,loopring,Loopring,40:27.6,LRC
1497,pivx,Pivx,40:27.6,PIVX
1498,kyber-network,Kyber Network,40:27.6,KNC
1499,basic-attention-token,Basic Attention Token,40:27.6,BAT
1500,walton,Walton,40:27.6,WTC
1501,byteball,Byteball,40:27.6,GBYTE
1502,zclassic,Zclassic,40:27.6,ZCL
1503,salt,Salt,40:27.6,SALT
1504,dent,Dent,40:27.6,DENT
1505,bytom,Bytom,40:27.6,BTM
1506,aion,Aion,40:27.6,AION
1507,funfair,Funfair,40:27.6,FUN
1508,factom,Factom,40:27.6,FCT
1509,ethos,Ethos,40:27.6,ETHOS
1510,experience-points,Experience Points,40:27.6,XP
1511,reddcoin,Reddcoin,40:27.6,RDD
1512,gxshares,Gxshares,40:27.6,GXS
1513,syscoin,Syscoin,40:27.6,SYS
1514,monacoin,Monacoin,40:27.6,MONA
1515,power-ledger,Power Ledger,40:27.6,POWR
1516,medibloc,Medibloc,40:27.6,MED
1517,aeternity,Aeternity,40:27.6,AE
1518,substratum,Substratum,40:27.6,SUB
1519,enigma-project,Enigma Project,40:27.6,ENG
1520,maidsafecoin,Maidsafecoin,40:27.6,MAID
1521,nxt,Nxt,40:27.6,NXT
1522,kin,Kin,40:27.6,KIN
1523,request-network,Request Network,40:27.6,REQ
1524,nexus,Nexus,40:27.6,NXS
1525,digixdao,Digixdao,40:27.6,DGD
1526,gamecredits,Gamecredits,40:27.6,GAME
1527,rchain,Rchain,40:27.6,RHOC
1528,nebulas-token,Nebulas Token,40:27.6,NAS
1529,particl,Particl,40:27.6,PART
1530,iconomi,Iconomi,40:27.6,ICN
1531,tenx,Tenx,40:27.6,PAY
1532,bancor,Bancor,40:27.6,BNT
1533,gnosis-gno,Gnosis Gno,40:27.6,GNO
1534,zcoin,Zcoin,40:27.6,XZC
1535,civic,Civic,40:27.6,CVC
1536,aelf,Aelf,40:27.6,ELF
1537,bitcore,Bitcore,40:27.6,BTX
1538,digitalnote,Digitalnote,40:27.6,XDN
1539,cobinhood,Cobinhood,40:27.6,COB
1540,chainlink,Chainlink,40:27.6,LINK
1541,emercoin,Emercoin,40:27.6,EMC
1542,bitcoindark,Bitcoindark,40:27.6,BTCD
1543,raiden-network-token,Raiden Network Token,40:27.6,RDN
1544,paccoin,Paccoin,40:27.6,PAC
1545,xplay,Xplay,40:27.6,XPA
1546,quantstamp,Quantstamp,40:27.6,QSP
1547,neblio,Neblio,40:27.6,NEBL
1548,santiment,Santiment,40:27.6,SAN
1549,cryptonex,Cryptonex,40:27.6,CNX
1550,blockv,Blockv,40:27.6,VEE
1551,storm,Storm,40:27.6,STORM
1552,rlc,Rlc,40:27.6,RLC
1553,pillar,Pillar,40:27.6,PLR
1554,skycoin,Skycoin,40:27.6,SKY
1555,storj,Storj,40:27.6,STORJ
1556,nav-coin,Nav Coin,40:27.6,NAV
1557,vertcoin,Vertcoin,40:27.6,VTC
1558,poet,Poet,40:27.6,POE
1559,blocknet,Blocknet,40:27.6,BLOCK
1560,appcoins,Appcoins,40:27.6,APPC
1561,edgeless,Edgeless,40:27.6,EDG
1562,bridgecoin,Bridgecoin,40:27.6,BCO
1563,dew,Dew,40:27.6,DEW
1564,paypie,Paypie,40:27.6,PPP
1565,enjin-coin,Enjin Coin,40:27.6,ENJ
1566,red-pulse,Red Pulse,40:27.6,RPX
1567,monaco,Monaco,40:27.6,MCO
1568,ethlend,Ethlend,40:27.6,LEND
1569,revain,Revain,40:27.6,R
1570,vibe,Vibe,40:27.6,VIBE
1571,time-new-bank,Time New Bank,40:27.6,TNB
1572,aragon,Aragon,40:27.6,ANT
1573,ubiq,Ubiq,40:27.6,UBQ
1574,singulardtv,Singulardtv,40:27.6,SNGLS
1575,xtrabytes,Xtrabytes,40:27.6,XBY
1576,sirin-labs-token,Sirin Labs Token,40:27.6,SRN
1577,deepbrain-chain,Deepbrain Chain,40:27.6,DBC
1578,achain,Achain,40:27.6,ACT
1579,ripio-credit-network,Ripio Credit Network,40:27.6,RCN
1580,simple-token,Simple Token,40:27.6,OST
1581,bitbay,Bitbay,40:27.6,BAY
1582,peercoin,Peercoin,40:27.6,PPC
1583,airswap,Airswap,40:27.6,AST
1584,sonm,Sonm,40:27.6,SNM
1585,spankchain,Spankchain,40:27.6,SPANK
1586,einsteinium,Einsteinium,40:27.6,EMC2
1587,centra,Centra,40:27.6,CTR
1588,dynamic-trading-rights,Dynamic Trading Rights,40:27.6,DTR
1589,attention-token-of-media,Attention Token Of Media,40:27.6,ATM
1590,wabi,Wabi,40:27.6,WABI
1591,gulden,Gulden,40:27.6,NLG
1592,naga,Naga,40:27.6,NGC
1593,adx-net,Adx Net,40:27.6,ADX
1594,quantum-resistant-ledger,Quantum Resistant Ledger,40:27.6,QRL
1595,library-credit,Library Credit,40:27.6,LBC
1596,cybermiles,Cybermiles,40:27.6,CMT
1597,streamr-datacoin,Streamr Datacoin,40:27.6,DATA
1598,supernet-unity,Supernet Unity,40:27.6,UNITY
1599,unikoin-gold,Unikoin Gold,40:27.6,UKG
1600,metaverse,Metaverse,40:27.6,ETP
1601,zencash,Zencash,40:27.6,ZEN
1602,decentraland,Decentraland,40:27.6,MANA
1603,counterparty,Counterparty,40:27.6,XCP
1604,triggers,Triggers,40:27.6,TRIG
1605,modum,Modum,40:27.6,MOD
1606,viacoin,Viacoin,40:27.6,VIA
1607,burst,Burst,40:27.6,BURST
1608,wings,Wings,40:27.6,WINGS
1609,cindicator,Cindicator,40:27.6,CND
1610,firstblood,Firstblood,40:27.6,1ST
1611,wagerr,Wagerr,40:27.6,WGR
1612,district0x,District0x,40:27.6,DNT
1613,nuls,Nuls,40:27.6,NULS
1614,melon,Melon,40:27.6,MLN
1615,lamden,Lamden,40:27.6,TAU
1616,hempcoin,Hempcoin,40:27.6,THC
1617,amber,Amber,40:27.6,AMB
1618,voxels,Voxels,40:27.6,VOX
1619,utrust,Utrust,40:27.6,UTK
1620,agoras-tokens,Agoras Tokens,40:27.6,AGRS
1621,etherparty,Etherparty,40:27.6,FUEL
1622,mobilego,Mobilego,40:27.6,MGO
1623,rise,Rise,40:27.6,RISE
1624,metal,Metal,40:27.6,MTL
1625,iot-chain,Iot Chain,40:27.6,ITC
1626,hive,Hive,40:27.6,HVN
1627,eidoo,Eidoo,40:27.6,EDO
1628,asch,Asch,40:27.6,XAS
1629,bread,Bread,40:27.6,BRD
1630,oyster-pearl,Oyster Pearl,40:27.6,PRL
1631,cofound-it,Cofound It,40:27.6,CFI
1632,safe-exchange-coin,Safe Exchange Coin,40:27.6,SAFEX
1633,cloakcoin,Cloakcoin,40:27.6,CLOAK
1634,coindash,Coindash,40:27.6,CDT
1635,iocoin,Iocoin,40:27.6,IOC
1636,decent,Decent,40:27.6,DCT
1637,gifto,Gifto,40:27.6,GTO
1638,coss,Coss,40:27.6,COSS
1639,aeon,Aeon,40:27.6,AEON
1640,tierion,Tierion,40:27.6,TNT
1641,minexcoin,Minexcoin,40:27.6,MNX
1642,ixledger,Ixledger,40:27.6,IXT
1643,voisecom,Voisecom,40:27.6,VOISE
1644,lunyr,Lunyr,40:27.6,LUN
1645,trust,Trust,40:27.6,TRST
1646,decision-token,Decision Token,40:27.6,HST
1647,presearch,Presearch,40:27.6,PRS
1648,genesis-vision,Genesis Vision,40:27.6,GVT
1649,namecoin,Namecoin,40:27.6,NMC
1650,feathercoin,Feathercoin,40:27.6,FTC
1651,jinn,Jinn,40:27.6,JINN
1652,shift,Shift,40:27.6,SHIFT
1653,groestlcoin,Groestlcoin,40:27.6,GRS
1654,salus,Salus,40:27.6,SLS
1655,tokencard,Tokencard,40:27.6,TKN
1656,ink,Ink,40:27.6,INK
1657,spectrecoin,Spectrecoin,40:27.6,XSPEC
1658,mooncoin,Mooncoin,40:27.6,MOON
1659,pura,Pura,40:27.6,PURA
1660,agrello-delta,Agrello Delta,40:27.6,DLT
1661,taas,Taas,40:27.6,TAAS
1662,viberate,Viberate,40:27.6,VIB
1663,latoken,Latoken,40:27.6,LA
1664,monetha,Monetha,40:27.6,MTH
1665,shield-xsh,Shield Xsh,40:27.6,XSH
1666,guppy,Guppy,40:27.6,GUP
1667,grid,Grid,40:27.6,GRID
1668,humaniq,Humaniq,40:27.6,HMQ
1669,lykke,Lykke,40:27.6,LKK
1670,everex,Everex,40:27.6,EVX
1671,domraider,Domraider,40:27.6,DRT
1672,yoyow,Yoyow,40:27.6,YOYOW
1673,adtoken,Adtoken,40:27.6,ADT
1674,synereo,Synereo,40:27.6,AMP
1675,delphy,Delphy,40:27.6,DPY
1676,solarcoin,Solarcoin,40:27.6,SLR
1677,pepe-cash,Pepe Cash,40:27.6,PEPECASH
1678,eccoin,Eccoin,40:27.6,ECC
1679,flash,Flash,40:27.6,FLASH
1680,elastic,Elastic,40:27.6,XEL
1681,mothership,Mothership,40:27.6,MSP
1682,mercury,Mercury,40:27.6,MER
1683,diamond,Diamond,40:27.6,DMD
1684,datum,Datum,40:27.6,DAT
1685,potcoin,Potcoin,40:27.6,POT
1686,pascal-coin,Pascal Coin,40:27.6,PASC
1687,paypex,Paypex,40:27.6,PAYX
1688,crown,Crown,40:27.6,CRW
1689,zeusshield,Zeusshield,40:27.6,ZSC
1690,bitcny,Bitcny,40:27.6,BITCNY
1691,worldcore,Worldcore,40:27.6,WRC
1692,sibcoin,Sibcoin,40:27.6,SIB
1693,blackcoin,Blackcoin,40:27.6,BLK
1694,deeponion,Deeponion,40:27.6,ONION
1695,dimecoin,Dimecoin,40:27.6,DIME
1696,whitecoin,Whitecoin,40:27.6,XWC
1697,blocktix,Blocktix,40:27.6,TIX
1698,nimiq,Nimiq,40:27.6,NET
1699,nolimitcoin,Nolimitcoin,40:27.6,NLC2
1700,ion,Ion,40:27.6,ION
1701,faircoin,Faircoin,40:27.6,FAIR
1702,encrypgen,Encrypgen,40:27.6,DNA
1703,phore,Phore,40:27.6,PHR
1704,moeda-loyalty-points,Moeda Loyalty Points,40:27.6,MDA
1705,gridcoin,Gridcoin,40:27.6,GRC
1706,expanse,Expanse,40:27.6,EXP
1707,dubaicoin-dbix,Dubaicoin Dbix,40:27.6,DBIX
1708,snovio,Snovio,40:27.6,SNOV
1709,vericoin,Vericoin,40:27.6,VRC
1710,bodhi,Bodhi,40:27.6,BOT
1711,newyorkcoin,Newyorkcoin,40:27.6,NYC
1712,golos,Golos,40:27.6,GOLOS
1713,ormeus-coin,Ormeus Coin,40:27.6,ORME
1714,suncontract,Suncontract,40:27.6,SNC
1715,dovu,Dovu,40:27.6,DOVU
1716,clearpoll,Clearpoll,40:27.6,POLL
1717,numeraire,Numeraire,40:27.6,NMR
1718,airtoken,Airtoken,40:27.6,AIR
1719,peerplays-ppy,Peerplays Ppy,40:27.6,PPY
1720,neumark,Neumark,40:27.6,NEU
1721,divi,Divi,40:27.6,DIVX
1722,pandacoin-pnd,Pandacoin Pnd,40:27.6,PND
1723,bean-cash,Bean Cash,40:27.6,BITB
1724,nushares,Nushares,40:27.6,NSR
1725,propy,Propy,40:27.6,PRO
1726,myriad,Myriad,40:27.6,XMY
1727,rivetz,Rivetz,40:27.6,RVT
1728,stox,Stox,40:27.6,STX
1729,maecenas,Maecenas,40:27.6,ART
1730,okcash,Okcash,40:27.6,OK
1731,neoscoin,Neoscoin,40:27.6,NEOS
1732,radium,Radium,40:27.6,RADS
1733,blockmason,Blockmason,40:27.6,BCPT
1734,rialto,Rialto,40:27.6,XRL
1735,monetaryunit,Monetaryunit,40:27.6,MUE
1736,omni,Omni,40:27.6,OMNI
1737,nexium,Nexium,40:27.6,NXC
1738,bounty0x,Bounty0x,40:27.6,BNTY
1739,asiacoin,Asiacoin,40:27.6,AC
1740,open-trading-network,Open Trading Network,40:27.6,OTN
1741,credo,Credo,40:27.6,CREDO
1742,ethereum-blue,Ethereum Blue,40:27.6,BLUE
1743,alqo,Alqo,40:27.6,ALQO
1744,target-coin,Target Coin,40:27.6,TGT
1745,rubycoin,Rubycoin,40:27.6,RBY
1746,atbcoin,Atbcoin,40:27.6,ATB
1747,hedge,Hedge,40:27.6,HDG
1748,patientory,Patientory,40:27.6,PTOY
1749,investfeed,Investfeed,40:27.6,IFT
1750,bismuth,Bismuth,40:27.6,BIS
1751,databits,Databits,40:27.6,DTB
1752,alis,Alis,40:27.6,ALIS
1753,oax,Oax,40:27.6,OAX
1754,xenon,Xenon,40:27.6,XNN
1755,aeron,Aeron,40:27.7,ARN
1756,bcap,Bcap,40:27.7,BCAP
1757,colossuscoinxt,Colossuscoinxt,40:27.7,COLX
1758,steem-dollars,Steem Dollars,40:27.7,SBD
1759,kickico,Kickico,40:27.7,KICK
1760,change,Change,40:27.7,CAG
1761,verify,Verify,40:27.7,CRED
1762,life,Life,40:27.7,LIFE
1763,posw-coin,Posw Coin,40:27.7,POSW
1764,mybit-token,Mybit Token,40:27.7,MYB
1765,paragon,Paragon,40:27.7,PRG
1766,florincoin,Florincoin,40:27.7,FLO
1767,playkey,Playkey,40:27.7,PKT
1768,blackmoon-crypto,Blackmoon Crypto,40:27.7,BMC
1769,incent,Incent,40:27.7,INCNT
1770,lomocoin,Lomocoin,40:27.7,LMC
1771,energycoin,Energycoin,40:27.7,ENRG
1772,swarm-city,Swarm City,40:27.7,SWT
1773,elixir,Elixir,40:27.7,ELIX
1774,bitcrystals,Bitcrystals,40:27.7,BCY
1775,linda,Linda,40:27.7,LINDA
1776,decent-bet,Decent Bet,40:27.7,DBET
1777,blockcat,Blockcat,40:27.7,CAT
1778,fedoracoin,Fedoracoin,40:27.7,TIPS
1779,foldingcoin,Foldingcoin,40:27.7,FLDC
1780,obsidian,Obsidian,40:27.7,ODN
1781,clams,Clams,40:27.7,CLAM
1782,circuits-of-value,Circuits Of Value,40:27.7,COVAL
1783,global-currency-reserve,Global Currency Reserve,40:27.7,GCR
1784,mintcoin,Mintcoin,40:27.7,MINT
1785,soarcoin,Soarcoin,40:27.7,SOAR
1786,luxcoin,Luxcoin,40:27.7,LUX
1787,musicoin,Musicoin,40:27.7,MUSIC
1788,heat-ledger,Heat Ledger,40:27.7,HEAT
1789,monacocoin,Monacocoin,40:27.7,XMCC
1790,ongsocial,Ongsocial,40:27.7,ONG
1791,internet-of-people,Internet Of People,40:27.7,IOP
1792,icos,Icos,40:27.7,ICOS
1793,gobyte,Gobyte,40:27.7,GBX
1794,flixxo,Flixxo,40:27.7,FLIXX
1795,oraclechain,Oraclechain,40:27.7,OCT
1796,mysterium,Mysterium,40:27.7,MYST
1797,artbyte,Artbyte,40:27.7,ABY
1798,waves-community-token,Waves Community Token,40:27.7,WCT
1799,gambit,Gambit,40:27.7,GAM
1800,xaurum,Xaurum,40:27.7,XAUR
1801,stealthcoin,Stealthcoin,40:27.7,XST
1802,pirl,Pirl,40:27.7,PIRL
1803,publica,Publica,40:27.7,PBL
1804,payfair,Payfair,40:27.7,PFR
1805,bulwark,Bulwark,40:27.7,BWK
1806,bitqy,Bitqy,40:27.7,BQ
1807,bitsend,Bitsend,40:27.7,BSD
1808,dao-casino,Dao Casino,40:27.7,BET
1809,neutron,Neutron,40:27.7,NTRN
1810,aventus,Aventus,40:27.7,AVT
1811,sequence,Sequence,40:27.7,SEQ
1812,autonio,Autonio,40:27.7,NIO
1813,leocoin,Leocoin,40:27.7,LEO
1814,bitusd,Bitusd,40:27.7,BITUSD
1815,chronobank,Chronobank,40:27.7,TIME
1816,mercury-protocol,Mercury Protocol,40:27.7,GMT
1817,polybius,Polybius,40:27.7,PLBT
1818,lockchain,Lockchain,40:27.7,LOC
1819,oxycoin,Oxycoin,40:27.7,OXY
1820,e-coin,E Coin,40:27.7,ECN
1821,quantum,Quantum,40:27.7,QAU
1822,primas,Primas,40:27.7,PST
1823,upfiring,Upfiring,40:27.7,UFR
1824,zoin,Zoin,40:27.7,ZOI
1825,espers,Espers,40:27.7,ESP
1826,solaris,Solaris,40:27.7,XLR
1827,boolberry,Boolberry,40:27.7,BBR
1828,unobtanium,Unobtanium,40:27.7,UNO
1829,qunqun,Qunqun,40:27.7,QUN
1830,atlant,Atlant,40:27.7,ATL
1831,vcash,Vcash,40:27.7,XVC
1832,social-send,Social Send,40:27.7,SEND
1833,primecoin,Primecoin,40:27.7,XPM
1834,atmos,Atmos,40:27.7,ATMS
1835,geocoin,Geocoin,40:27.7,GEO
1836,bitdice,Bitdice,40:27.7,CSNO
1837,audiocoin,Audiocoin,40:27.7,ADC
1838,earthcoin,Earthcoin,40:27.7,EAC
1839,russian-mining-coin,Russian Mining Coin,40:27.7,RMC
1840,obits,Obits,40:27.7,OBITS
1841,pinkcoin,Pinkcoin,40:27.7,PINK
1842,mywish,Mywish,40:27.7,WISH
1843,hush,Hush,40:27.7,HUSH
1844,bitdeal,Bitdeal,40:27.7,BDL
1845,ecobit,Ecobit,40:27.7,ECOB
1846,firstcoin,Firstcoin,40:27.7,FRST
1847,adshares,Adshares,40:27.7,ADST
1848,cvcoin,Cvcoin,40:27.7,CVCOIN
1849,sumokoin,Sumokoin,40:27.7,SUMO
1850,trezarcoin,Trezarcoin,40:27.7,TZC
1851,magnet,Magnet,40:27.7,MAG
1852,sportyfi,Sportyfi,40:27.7,SPF
1853,vsync-vsx,Vsync Vsx,40:27.7,VSX
1854,sphere,Sphere,40:27.7,SPHR
1855,bitmark,Bitmark,40:27.7,BTM
1856,pluton,Pluton,40:27.7,PLU
1857,opus,Opus,40:27.7,OPT
1858,etheroll,Etheroll,40:27.7,DICE
1859,spreadcoin,Spreadcoin,40:27.7,SPR
1860,curecoin,Curecoin,40:27.7,CURE
1861,lampix,Lampix,40:27.7,PIX
1862,bonpay,Bonpay,40:27.7,BON
1863,innova,Innova,40:27.7,INN
1864,prochain,Prochain,40:27.7,PRO
1865,qwark,Qwark,40:27.7,QWARK
1866,creditbit,Creditbit,40:27.7,CRB
1867,russiacoin,Russiacoin,40:27.7,RC
1868,riecoin,Riecoin,40:27.7,RIC
1869,exchange-union,Exchange Union,40:27.7,XUC
1870,real-estate-tokens,Real Estate Tokens,40:27.7,REX
1871,herocoin,Herocoin,40:27.7,PLAY
1872,bitzeny,Bitzeny,40:27.7,ZNY
1873,transfercoin,Transfercoin,40:27.7,TX
1874,crave,Crave,40:27.7,CRAVE
1875,belacoin,Belacoin,40:27.7,BELA
1876,hacken,Hacken,40:27.7,HKN
1877,hellogold,Hellogold,40:27.7,HGT
1878,cannabiscoin,Cannabiscoin,40:27.7,CANN
1879,sprouts,Sprouts,40:27.7,SPRTS
1880,dopecoin,Dopecoin,40:27.7,DOPE
1881,pesetacoin,Pesetacoin,40:27.7,PTC
1882,memetic,Memetic,40:27.7,MEME
1883,zero,Zero,40:27.7,ZER
1884,wild-crypto,Wild Crypto,40:27.7,WILD
1885,tao,Tao,40:27.7,XTO
1886,universal-currency,Universal Currency,40:27.7,UNIT
1887,ufo-coin,Ufo Coin,40:27.7,UFO
1888,flypme,Flypme,40:27.7,FYP
1889,intensecoin,Intensecoin,40:27.7,ITNS
1890,nvo,Nvo,40:27.7,NVST
1891,veriumreserve,Veriumreserve,40:27.7,VRM
1892,blockpool,Blockpool,40:27.7,BPL
1893,breakout,Breakout,40:27.7,BRK
1894,1337coin,1337coin,40:27.7,1337
1895,kilocoin,Kilocoin,40:27.7,KLC
1896,novacoin,Novacoin,40:27.7,NVC
1897,synergy,Synergy,40:27.7,SNRG
1898,bitcoin-plus,Bitcoin Plus,40:27.7,XBC
1899,syndicate,Syndicate,40:27.7,SYNX
1900,b2bx,B2bx,40:27.7,B2B
1901,the-champcoin,The Champcoin,40:27.7,TCC
1902,bitcloud,Bitcloud,40:27.7,BTDX
1903,blitzcash,Blitzcash,40:27.7,BLITZ
1904,royal-kingdom-coin,Royal Kingdom Coin,40:27.7,RKC
1905,korecoin,Korecoin,40:27.7,KORE
1906,goldcoin,Goldcoin,40:27.7,GLD
1907,bowhead,Bowhead,40:27.7,AHT
1908,auroracoin,Auroracoin,40:27.7,AUR
1909,dnotes,Dnotes,40:27.7,NOTE
1910,hyperstake,Hyperstake,40:27.7,HYP
1911,astro,Astro,40:27.7,ASTRO
1912,dotcoin,Dotcoin,40:27.7,DOT
1913,rupee,Rupee,40:27.7,RUP
1914,startcoin,Startcoin,40:27.7,START
1915,buzzcoin,Buzzcoin,40:27.7,BUZZ
1916,vslice,Vslice,40:27.7,VSL
1917,dcorp,Dcorp,40:27.7,DRP
1918,chaincoin,Chaincoin,40:27.7,CHC
1919,breakout-stake,Breakout Stake,40:27.7,BRX
1920,privatix,Privatix,40:27.7,PRIX
1921,digipulse,Digipulse,40:27.7,DGPT
1922,crowdcoin,Crowdcoin,40:27.7,CRC
1923,masternodecoin,Masternodecoin,40:27.7,MTNC
1924,prospectors-gold,Prospectors Gold,40:27.7,PGL
1925,bitcoinz,Bitcoinz,40:27.7,BTCZ
1926,carboncoin,Carboncoin,40:27.7,CARBON
1927,toacoin,Toacoin,40:27.7,TOA
1928,sharechain,Sharechain,40:27.7,SSS
1929,xgox,Xgox,40:27.7,XGOX
1930,internxt,Internxt,40:27.7,INXT
1931,creativecoin,Creativecoin,40:27.7,CREA
1932,social,Social,40:27.7,SCL
1933,indorse-token,Indorse Token,40:27.7,IND
1934,nubits,Nubits,40:27.7,USNBT
1935,project-decorum,Project Decorum,40:27.7,PDC
1936,2give,2give,40:27.7,2GIVE
1937,eboostcoin,Eboostcoin,40:27.7,EBST
1938,exclusivecoin,Exclusivecoin,40:27.7,EXCL
1939,trueflip,Trueflip,40:27.7,TFL
1940,vivo,Vivo,40:27.7,VIVO
1941,hubii-network,Hubii Network,40:27.7,HBT
1942,vtorrent,Vtorrent,40:27.7,VTR
1943,e-dinar-coin,E Dinar Coin,40:27.7,EDR
1944,pure,Pure,40:27.7,PURE
1945,adelphoi,Adelphoi,40:27.7,ADL
1946,encryptotel,Encryptotel,40:27.7,ETT
1947,altcoin-alt,Altcoin Alt,40:27.7,ALT
1948,tokes,Tokes,40:27.7,TKS
1949,prizm,Prizm,40:27.7,PZM
1950,trustplus,Trustplus,40:27.7,TRUST
1951,purevidz,Purevidz,40:27.7,VIDZ
1952,procurrency,Procurrency,40:27.7,PROC
1953,hollywoodcoin,Hollywoodcoin,40:27.7,HWC
1954,embers,Embers,40:27.7,MBRS
1955,ixcoin,Ixcoin,40:27.7,IXC
1956,ellaism,Ellaism,40:27.7,ELLA
1957,zephyr,Zephyr,40:27.7,ZEPH
1958,farad,Farad,40:27.7,FRD
1959,europecoin,Europecoin,40:27.7,ERC
1960,real,Real,40:27.7,REAL
1961,wandx,Wandx,40:27.7,WAND
1962,ebtcnew,Ebtcnew,40:27.7,EBTC
1963,eroscoin,Eroscoin,40:27.7,ERO
1964,luckchain,Luckchain,40:27.7,BASH
1965,dynamic,Dynamic,40:27.7,DYN
1966,sexcoin,Sexcoin,40:27.7,SXC
1967,commodity-ad-network,Commodity Ad Network,40:27.7,CDX
1968,equitrader,Equitrader,40:27.7,EQT
1969,quark,Quark,40:27.7,QRK
1970,bitboost,Bitboost,40:27.7,BBT
1971,magi,Magi,40:27.7,XMG
1972,footy-cash,Footy Cash,40:27.7,XFT
1973,force,Force,40:27.7,FOR
1974,dai,Dai,40:27.7,DAI
1975,student-coin,Student Coin,40:27.7,STU
1976,noblecoin,Noblecoin,40:27.7,NOBL
1977,regalcoin,Regalcoin,40:27.7,REC
1978,terracoin,Terracoin,40:27.7,TRC
1979,evergreencoin,Evergreencoin,40:27.7,EGC
1980,eltcoin,Eltcoin,40:27.7,ELTCOIN
1981,zrcoin,Zrcoin,40:27.7,ZRC
1982,linx,Linx,40:27.7,LINX
1983,huntercoin,Huntercoin,40:27.7,HUC
1984,anoncoin,Anoncoin,40:27.7,ANC
1985,parkbyte,Parkbyte,40:27.7,PKB
1986,karbowanec,Karbowanec,40:27.7,KRB
1987,putincoin,Putincoin,40:27.7,PUT
1988,worldcoin,Worldcoin,40:27.7,WDC
1989,megacoin,Megacoin,40:27.7,MEC
1990,apx,Apx,40:27.7,APX
1991,cartaxi-token,Cartaxi Token,40:27.7,CTX
1992,smartbillions,Smartbillions,40:27.7,SMART
1993,ethereumcash,Ethereumcash,40:27.7,ECASH
1994,qvolta,Qvolta,40:27.7,QVT
1995,flik,Flik,40:27.7,FLIK
1996,goodomy,Goodomy,40:27.7,GOOD
1997,cryptoping,Cryptoping,40:27.7,PING
1998,halcyon,Halcyon,40:27.7,HAL
1999,neverdie,Neverdie,40:27.7,NDC
2000,bluecoin,Bluecoin,40:27.7,BLU
2001,gimli,Gimli,40:27.7,GIM
2002,ergo,Ergo,40:27.7,EFYT
2003,mcap,Mcap,40:27.7,MCAP
2004,bitcoin-scrypt,Bitcoin Scrypt,40:27.7,BTCS
2005,cryptogenic-bullion,Cryptogenic Bullion,40:27.7,CBX
2006,straks,Straks,40:27.7,STAK
2007,arcticcoin,Arcticcoin,40:27.7,ARC
2008,chips,Chips,40:27.7,CHIPS
2009,e-gulden,E Gulden,40:27.7,EFL
2010,dinastycoin,Dinastycoin,40:27.7,DCY
2011,popularcoin,Popularcoin,40:27.7,POP
2012,interstellar-holdings,Interstellar Holdings,40:27.7,HOLD
2013,condensate,Condensate,40:27.7,RAIN
2014,martexcoin,Martexcoin,40:27.7,MXT
2015,primalbase,Primalbase,40:27.7,PBT
2016,digitalprice,Digitalprice,40:27.7,DP
2017,renos,Renos,40:27.7,RNS
2018,abjcoin,Abjcoin,40:27.7,ABJ
2019,yocoin,Yocoin,40:27.7,YOC
2020,denarius-dnr,Denarius Dnr,40:27.7,DNR
2021,litedoge,Litedoge,40:27.7,LDOGE
2022,unify,Unify,40:27.7,UNIFY
2023,hawala-today,Hawala Today,40:27.7,HAT
2024,campuscoin,Campuscoin,40:27.7,CMPCO
2025,fluttercoin,Fluttercoin,40:27.7,FLT
2026,darcrus,Darcrus,40:27.7,DAR
2027,leviarcoin,Leviarcoin,40:27.7,XLC
2028,emphy,Emphy,40:27.7,EPY
2029,thegcccoin,Thegcccoin,40:27.7,GCC
2030,erc20,Erc20,40:27.7,ERC20
2031,insanecoin-insn,Insanecoin Insn,40:27.7,INSN
2032,centurion,Centurion,40:27.7,CNT
2033,moin,Moin,40:27.7,MOIN
2034,cryptonite,Cryptonite,40:27.7,XCN
2035,canada-ecoin,Canada Ecoin,40:27.7,CDN
2036,intelligent-trading-tech,Intelligent Trading Tech,40:27.7,ITT
2037,starta,Starta,40:27.7,STA
2038,monkey-project,Monkey Project,40:27.7,MONK
2039,greencoin,Greencoin,40:27.7,GRE
2040,electra,Electra,40:27.7,ECA
2041,ethereum-gold,Ethereum Gold,40:27.7,ETG
2042,zeitcoin,Zeitcoin,40:27.7,ZEIT
2043,copico,Copico,40:27.7,XCPO
2044,adzcoin,Adzcoin,40:27.7,ADZ
2045,ico-openledger,Ico Openledger,40:27.7,ICOO
2046,legends-room,Legends Room,40:27.7,LGD
2047,version,Version,40:27.7,V
2048,ethbits,Ethbits,40:27.7,ETBS
2049,bitradio,Bitradio,40:27.7,BRO
2050,fujicoin,Fujicoin,40:27.7,FJC
2051,bata,Bata,40:27.7,BTA
2052,elementrem,Elementrem,40:27.7,ELE
2053,cream,Cream,40:27.7,CRM
2054,unitus,Unitus,40:27.7,UIS
2055,netcoin,Netcoin,40:27.7,NET
2056,altcommunity-coin,Altcommunity Coin,40:27.7,ALTCOM
2057,scorecoin,Scorecoin,40:27.7,SCORE
2058,jetcoin,Jetcoin,40:27.7,JET
2059,unbreakablecoin,Unbreakablecoin,40:27.7,UNB
2060,influxcoin,Influxcoin,40:27.7,INFX
2061,bytecent,Bytecent,40:27.7,BYC
2062,kekcoin,Kekcoin,40:27.7,KEK
2063,inflationcoin,Inflationcoin,40:27.7,IFLT
2064,smart-investment-fund-token,Smart Investment Fund Token,40:27.7,SIFT
2065,cryptoforecast,Cryptoforecast,40:27.7,CFT
2066,oceanlab,Oceanlab,40:27.7,OCL
2067,fundyourselfnow,Fundyourselfnow,40:27.7,FYN
2068,steneum-coin,Steneum Coin,40:27.7,STN
2069,piplcoin,Piplcoin,40:27.7,PIPL
2070,fucktoken,Fucktoken,40:27.7,FUCK
2071,machinecoin,Machinecoin,40:27.7,MAC
2072,aurumcoin,Aurumcoin,40:27.7,AU
2073,kolion,Kolion,40:27.7,KLN
2074,mazacoin,Mazacoin,40:27.7,MZC
2075,miners-reward-token,Miners Reward Token,40:27.7,MRT
2076,etheriya,Etheriya,40:27.7,RIYA
2077,incakoin,Incakoin,40:27.7,NKA
2078,i0coin,I0coin,40:27.7,I0C
2079,aricoin,Aricoin,40:27.7,ARI
2080,capricoin,Capricoin,40:27.7,CPC
2081,sagacoin,Sagacoin,40:27.7,SAGA
2082,cryptocarbon,Cryptocarbon,40:27.7,CCRB
2083,smartcoin,Smartcoin,40:27.7,SMC
2084,teslacoin,Teslacoin,40:27.7,TES
2085,orbitcoin,Orbitcoin,40:27.7,ORB
2086,trollcoin,Trollcoin,40:27.7,TROLL
2087,bigup,Bigup,40:27.7,BIGUP
2088,minereum,Minereum,40:27.7,MNE
2089,digitalcoin,Digitalcoin,40:27.8,DGC
2090,desire,Desire,40:27.8,DSR
2091,kurrent,Kurrent,40:27.8,KURT
2092,atomic-coin,Atomic Coin,40:27.8,ATOM
2093,link-platform,Link Platform,40:27.8,LNK
2094,fastcoin,Fastcoin,40:27.8,FST
2095,iticoin,Iticoin,40:27.8,ITI
2096,monster-byte,Monster Byte,40:27.8,MBI
2097,tracto,Tracto,40:27.8,TRCT
2098,accelerator-network,Accelerator Network,40:27.8,ACC
2099,hitcoin,Hitcoin,40:27.8,HTC
2100,petrodollar,Petrodollar,40:27.8,XPD
2101,ethbet,Ethbet,40:27.8,EBET
2102,bitcurrency,Bitcurrency,40:27.8,BTCR
2103,eternity,Eternity,40:27.8,ENT
2104,macron,Macron,40:27.8,MCRN
2105,trackr,Trackr,40:27.8,TKR
2106,growers-international,Growers International,40:27.8,GRWI
2107,fantomcoin,Fantomcoin,40:27.8,FCN
2108,fuelcoin,Fuelcoin,40:27.8,FC2
2109,mojocoin,Mojocoin,40:27.8,MOJO
2110,zetacoin,Zetacoin,40:27.8,ZET
2111,authorship,Authorship,40:27.8,ATS
2112,ethereum-movie-venture,Ethereum Movie Venture,40:27.8,EMV
2113,shadowcash,Shadowcash,40:27.8,SDC
2114,draftcoin,Draftcoin,40:27.8,DFT
2115,zennies,Zennies,40:27.8,ZENI
2116,visio,Visio,40:27.8,VISIO
2117,netko,Netko,40:27.8,NETKO
2118,coinonatx,Coinonatx,40:27.8,XCXT
2119,starcredits,Starcredits,40:27.8,STRC
2120,nekonium,Nekonium,40:27.8,NUKO
2121,deutsche-emark,Deutsche Emark,40:27.8,DEM
2122,elcoin-el,Elcoin El,40:27.8,EL
2123,dfscoin,Dfscoin,40:27.8,DFS
2124,biblepay,Biblepay,40:27.8,BBP
2125,daxxcoin,Daxxcoin,40:27.8,DAXX
2126,bitcoin-red,Bitcoin Red,40:27.8,BTCRED
2127,iethereum,Iethereum,40:27.8,IETH
2128,rasputin-online-coin,Rasputin Online Coin,40:27.8,ROC
2129,tittiecoin,Tittiecoin,40:27.8,TTC
2130,metalcoin,Metalcoin,40:27.8,METAL
2131,billionaire-token,Billionaire Token,40:27.8,XBL
2132,confido,Confido,40:27.8,CFD
2133,skincoin,Skincoin,40:27.8,SKIN
2134,triangles,Triangles,40:27.8,TRI
2135,ultracoin,Ultracoin,40:27.8,UTC
2136,opal,Opal,40:27.8,OPAL
2137,happycoin,Happycoin,40:27.8,HPC
2138,bitpark-coin,Bitpark Coin,40:27.8,BPC
2139,smileycoin,Smileycoin,40:27.8,SMLY
2140,hodlcoin,Hodlcoin,40:27.8,HODL
2141,bitbar,Bitbar,40:27.8,BTB
2142,amsterdamcoin,Amsterdamcoin,40:27.8,AMS
2143,zcash-gold,Zcash Gold,40:27.8,ZCG
2144,qubitcoin,Qubitcoin,40:27.8,Q2C
2145,piggycoin,Piggycoin,40:27.8,PIGGY
2146,veltor,Veltor,40:27.8,VLT
2147,42-coin,42 Coin,40:27.8,42
2148,nyancoin,Nyancoin,40:27.8,NYAN
2149,guncoin,Guncoin,40:27.8,GUN
2150,gaia,Gaia,40:27.8,GAIA
2151,maxcoin,Maxcoin,40:27.8,MAX
2152,hobonickels,Hobonickels,40:27.8,HBN
2153,postoken,Postoken,40:27.8,POS
2154,dollarcoin,Dollarcoin,40:27.8,DLC
2155,starcash-network,Starcash Network,40:27.8,STARS
2156,lanacoin,Lanacoin,40:27.8,LANA
2157,bitstar,Bitstar,40:27.8,BITS
2158,rimbit,Rimbit,40:27.8,RBT
2159,trumpcoin,Trumpcoin,40:27.8,TRUMP
2160,wavesgo,Wavesgo,40:27.8,WGO
2161,britcoin,Britcoin,40:27.8,BRIT
2162,ccore,Ccore,40:27.8,CCO
2163,adcoin,Adcoin,40:27.8,ACC
2164,supercoin,Supercoin,40:27.8,SUPER
2165,kobocoin,Kobocoin,40:27.8,KOBO
2166,titcoin,Titcoin,40:27.8,TIT
2167,ammo-rewards,Ammo Rewards,40:27.8,AMMO
2168,octanox,Octanox,40:27.8,OTX
2169,ethereum-dark,Ethereum Dark,40:27.8,ETHD
2170,cryptojacks,Cryptojacks,40:27.8,CJ
2171,joulecoin,Joulecoin,40:27.8,XJO
2172,crystal-clear,Crystal Clear,40:27.8,CCT
2173,truckcoin,Truckcoin,40:27.8,TRK
2174,goldblocks,Goldblocks,40:27.8,GB
2175,pascal-lite,Pascal Lite,40:27.8,PASL
2176,advanced-internet-blocks,Advanced Internet Blocks,40:27.8,AIB
2177,dix-asset,Dix Asset,40:27.8,DIX
2178,808coin,808coin,40:27.8,808
2179,xios,Xios,40:27.8,XIOS
2180,postcoin,Postcoin,40:27.8,POST
2181,cannation,Cannation,40:27.8,CNNC
2182,funcoin,Funcoin,40:27.8,FUNC
2183,coin2-1,Coin2 1,40:27.8,C2
2184,droxne,Droxne,40:27.8,DRXNE
2185,whalecoin,Whalecoin,40:27.8,WHL
2186,argentum,Argentum,40:27.8,ARG
2187,redcoin,Redcoin,40:27.8,RED
2188,platinumbar,Platinumbar,40:27.8,XPTX
2189,blakestar,Blakestar,40:27.8,BLAS
2190,blockpay,Blockpay,40:27.8,BLOCKPAY
2191,signatum,Signatum,40:27.8,SIGT
2192,sugar-exchange,Sugar Exchange,40:27.8,SGR
2193,bitcoinfast,Bitcoinfast,40:27.8,BCF
2194,giga-watt-token,Giga Watt Token,40:27.8,WTT
2195,dashcoin,Dashcoin,40:27.8,DSH
2196,8bit,8bit,40:27.8,8BIT
2197,pakcoin,Pakcoin,40:27.8,PAK
2198,bit20,Bit20,40:27.8,BTWTY
2199,goldreserve,Goldreserve,40:27.8,XGR
2200,phoenixcoin,Phoenixcoin,40:27.8,PXC
2201,independent-money-system,Independent Money System,40:27.8,IMS
2202,hicoin,Hicoin,40:27.8,XHI
2203,digicube,Digicube,40:27.8,CUBE
2204,swagbucks,Swagbucks,40:27.8,BUCKS
2205,colossuscoin-v2,Colossuscoin V2,40:27.8,CV2
2206,mineum,Mineum,40:27.8,MNM
2207,grimcoin,Grimcoin,40:27.8,GRIM
2208,unity-ingot,Unity Ingot,40:27.8,UNY
2209,securecoin,Securecoin,40:27.8,SRC
2210,kushcoin,Kushcoin,40:27.8,KUSH
2211,paycoin2,Paycoin2,40:27.8,XPY
2212,onix,Onix,40:27.8,ONX
2213,c-bit,C Bit,40:27.8,XCT
2214,paycon,Paycon,40:27.8,CON
2215,chronos,Chronos,40:27.8,CRX
2216,pioneer-coin,Pioneer Coin,40:27.8,PCOIN
2217,universe,Universe,40:27.8,UNI
2218,octocoin,Octocoin,40:27.8,888
2219,unicoin,Unicoin,40:27.8,UNIC
2220,ratecoin,Ratecoin,40:27.8,XRA
2221,chesscoin,Chesscoin,40:27.8,CHESS
2222,evil-coin,Evil Coin,40:27.8,EVIL
2223,coin,Coin,40:27.8,CNO
2224,prototanium,Prototanium,40:27.8,PR
2225,litecoin-plus,Litecoin Plus,40:27.8,LCP
2226,tigercoin,Tigercoin,40:27.8,TGC
2227,sterlingcoin,Sterlingcoin,40:27.8,SLG
2228,tattoocoin,Tattoocoin,40:27.8,TSE
2229,icoin,Icoin,40:27.8,ICN
2230,helleniccoin,Helleniccoin,40:27.8,HNC
2231,votecoin,Votecoin,40:27.8,VOT
2232,chancoin,Chancoin,40:27.8,CHAN
2233,eot-token,Eot Token,40:27.8,EOT
2234,brat,Brat,40:27.8,BRAT
2235,gapcoin,Gapcoin,40:27.8,GAP
2236,cannacoin,Cannacoin,40:27.8,CCN
2237,yenten,Yenten,40:27.8,YTN
2238,litebitcoin,Litebitcoin,40:27.8,LBTC
2239,revolvercoin,Revolvercoin,40:27.8,XRE
2240,bitcoal,Bitcoal,40:27.8,COAL
2241,litebar,Litebar,40:27.8,LTB
2242,roulettetoken,Roulettetoken,40:27.8,RLT
2243,parallelcoin,Parallelcoin,40:27.8,DUO
2244,fujinto,Fujinto,40:27.8,NTO
2245,prime-xi,Prime Xi,40:27.8,PXI
2246,dalecoin,Dalecoin,40:27.8,DALC
2247,digital-developers-fund,Digital Developers Fund,40:27.8,DDF
2248,quatloo,Quatloo,40:27.8,QTL
2249,darsek,Darsek,40:27.8,KED
2250,berncash,Berncash,40:27.8,BERN
2251,spacecoin,Spacecoin,40:27.8,SPACE
2252,sovereign-hero,Sovereign Hero,40:27.8,HERO
2253,network-token,Network Token,40:27.8,NTWK
2254,emerald,Emerald,40:27.8,EMD
2255,zozocoin,Zozocoin,40:27.8,ZZC
2256,bitquark,Bitquark,40:27.8,BTQ
2257,trident,Trident,40:27.8,TRDT
2258,bittokens,Bittokens,40:27.8,BXT
2259,tagcoin,Tagcoin,40:27.8,TAG
2260,senderon,Senderon,40:27.8,SDRN
2261,bolivarcoin,Bolivarcoin,40:27.8,BOLI
2262,mincoin,Mincoin,40:27.8,MNC
2263,ethgas,Ethgas,40:27.8,EGAS
2264,blakecoin,Blakecoin,40:27.8,BLC
2265,btsr,Btsr,40:27.8,BTSR
2266,marscoin,Marscoin,40:27.8,MARS
2267,bitbtc,Bitbtc,40:27.8,BITBTC
2268,gameunits,Gameunits,40:27.8,UNITS
2269,swing,Swing,40:27.8,SWING
2270,zurcoin,Zurcoin,40:27.8,ZUR
2271,rubies,Rubies,40:27.8,RBIES
2272,cypher,Cypher,40:27.8,CYP
2273,bitcoin-planet,Bitcoin Planet,40:27.8,BTPL
2274,jin-coin,Jin Coin,40:27.8,JIN
2275,sooncoin,Sooncoin,40:27.8,SOON
2276,kayicoin,Kayicoin,40:27.8,KAYI
2277,hexx,Hexx,40:27.8,HXX
2278,eurocoin,Eurocoin,40:27.8,EUC
2279,bitasean,Bitasean,40:27.8,BAS
2280,marijuanacoin,Marijuanacoin,40:27.8,MAR
2281,virta-unique-coin,Virta Unique Coin,40:27.8,VUC
2282,mustangcoin,Mustangcoin,40:27.8,MST
2283,ebitcoin-cash,Ebitcoin Cash,40:27.8,EBCH
2284,kronecoin,Kronecoin,40:27.8,KRONE
2285,philosopher-stones,Philosopher Stones,40:27.8,PHS
2286,motocoin,Motocoin,40:27.8,MOTO
2287,reecoin,Reecoin,40:27.8,REE
2288,quazarcoin,Quazarcoin,40:27.8,QCN
2289,catcoin,Catcoin,40:27.8,CAT
2290,mao-zedong,Mao Zedong,40:27.8,MAO
2291,money,Money,40:27.8,$$$
2292,globalboost-y,Globalboost Y,40:27.8,BSTY
2293,tekcoin,Tekcoin,40:27.8,TEK
2294,aquariuscoin,Aquariuscoin,40:27.8,ARCO
2295,globaltoken,Globaltoken,40:27.8,GLT
2296,sativacoin,Sativacoin,40:27.8,STV
2297,honey,Honey,40:27.8,HONEY
2298,idice,Idice,40:27.8,ICE
2299,satoshimadness,Satoshimadness,40:27.8,MAD
2300,evotion,Evotion,40:27.8,EVO
2301,soilcoin,Soilcoin,40:27.8,SOIL
2302,btctalkcoin,Btctalkcoin,40:27.8,TALK
2303,icobid,Icobid,40:27.8,ICOB
2304,bumbacoin,Bumbacoin,40:27.8,BUMBA
2305,eaglecoin,Eaglecoin,40:27.8,EAGLE
2306,cashcoin,Cashcoin,40:27.8,CASH
2307,neuro,Neuro,40:27.8,NRO
2308,x-coin,X Coin,40:27.8,XCO
2309,gold-pressed-latinum,Gold Pressed Latinum,40:27.8,GPL
2310,metal-music-coin,Metal Music Coin,40:27.8,MTLMC3
2311,gpu-coin,Gpu Coin,40:27.8,GPU
2312,eryllium,Eryllium,40:27.8,ERY
2313,bitgem,Bitgem,40:27.8,BTG
2314,acoin,Acoin,40:27.8,ACOIN
2315,sixeleven,Sixeleven,40:27.8,611
2316,fuzzballs,Fuzzballs,40:27.8,FUZZ
2317,beatcoin,Beatcoin,40:27.8,XBTS
2318,bitz,Bitz,40:27.8,BITZ
2319,cachecoin,Cachecoin,40:27.8,CACH
2320,ronpaulcoin,Ronpaulcoin,40:27.8,RPC
2321,virtacoinplus,Virtacoinplus,40:27.8,XVP
2322,bitsilver,Bitsilver,40:27.8,BITSILVER
2323,litecoin-ultra,Litecoin Ultra,40:27.8,LTCU
2324,creatio,Creatio,40:27.8,XCRE
2325,compucoin,Compucoin,40:27.8,CPN
2326,ereal,Ereal,40:27.8,EREAL
2327,flaxscript,Flaxscript,40:27.8,FLAX
2328,bipcoin,Bipcoin,40:27.8,BIP
2329,allion,Allion,40:27.8,ALL
2330,slevin,Slevin,40:27.8,SLEVIN
2331,theresa-may-coin,Theresa May Coin,40:27.8,MAY
2332,goldpieces,Goldpieces,40:27.8,GP
2333,songcoin,Songcoin,40:27.8,SONG
2334,aerium,Aerium,40:27.8,AERM
2335,global-tour-coin,Global Tour Coin,40:27.8,GTC
2336,exchangen,Exchangen,40:27.8,EXN
2337,digital-rupees,Digital Rupees,40:27.8,DRS
2338,solarflarecoin,Solarflarecoin,40:27.8,SFC
2339,300-token,300 Token,40:27.8,300
2340,ecocoin,Ecocoin,40:27.8,ECO
2341,rupaya,Rupaya,40:27.8,RUPX
2342,comet,Comet,40:27.8,CMT
2343,doubloon,Doubloon,40:27.8,BOAT
2344,nevacoin,Nevacoin,40:27.8,NEVA
2345,healthywormcoin,Healthywormcoin,40:27.8,WORM
2346,bnrtxcoin,Bnrtxcoin,40:27.8,BNX
2347,benjirolls,Benjirolls,40:27.8,BENJI
2348,coinonat,Coinonat,40:27.8,CXT
2349,master-swiscoin,Master Swiscoin,40:27.8,MSCN
2350,bitgold,Bitgold,40:27.8,BITGOLD
2351,impact,Impact,40:27.8,IMX
2352,spots,Spots,40:27.8,SPT
2353,luna-coin,Luna Coin,40:27.8,LUNA
2354,useless-ethereum-token,Useless Ethereum Token,40:27.8,UET
2355,bolenum,Bolenum,40:27.8,BLN
2356,tajcoin,Tajcoin,40:27.8,TAJ
2357,uro,Uro,40:27.8,URO
2358,torcoin-tor,Torcoin Tor,40:27.8,TOR
2359,zetamicron,Zetamicron,40:27.8,ZMC
2360,cthulhu-offerings,Cthulhu Offerings,40:27.8,OFF
2361,allsafe,Allsafe,40:27.8,ASAFE2
2362,leacoin,Leacoin,40:27.8,LEA
2363,swaptoken,Swaptoken,40:27.8,TOKEN
2364,kingn-coin,Kingn Coin,40:27.8,KNC
2365,women,Women,40:27.8,WOMEN
2366,antibitcoin,Antibitcoin,40:27.8,ANTI
2367,bitcoin-21,Bitcoin 21,40:27.8,XBTC21
2368,iconic,Iconic,40:27.8,ICON
2369,vector,Vector,40:27.8,VEC2
2370,hempcoin-hmp,Hempcoin Hmp,40:27.8,HMP
2371,dappster,Dappster,40:27.8,DLISK
2372,skeincoin,Skeincoin,40:27.8,SKC
2373,playercoin,Playercoin,40:27.8,PLACO
2374,debitcoin,Debitcoin,40:27.8,DBTC
2375,artex-coin,Artex Coin,40:27.8,ATX
2376,usde,Usde,40:27.8,USDE
2377,cybcsec,Cybcsec,40:27.8,XCS
2378,roofs,Roofs,40:27.8,ROOFS
2379,quebecoin,Quebecoin,40:27.8,QBC
2380,printerium,Printerium,40:27.8,PRX
2381,socialcoin-socc,Socialcoin Socc,40:27.8,SOCC
2382,ponzicoin,Ponzicoin,40:27.8,PONZI
2383,ride-my-car,Ride My Car,40:27.8,RIDE
2384,biteur,Biteur,40:27.8,BITEUR
2385,plncoin,Plncoin,40:27.8,PLNC
2386,bitvolt,Bitvolt,40:27.8,VOLT
2387,dibcoin,Dibcoin,40:27.8,DIBC
2388,geertcoin,Geertcoin,40:27.8,GEERT
2389,prcoin,Prcoin,40:27.8,PRC
2390,litecred,Litecred,40:27.8,LTCR
2391,genstake,Genstake,40:27.8,G3N
2392,wild-beast-block,Wild Beast Block,40:27.8,WBB
2393,high-voltage,High Voltage,40:27.8,HVCO
2394,orlycoin,Orlycoin,40:27.8,ORLY
2395,veros,Veros,40:27.8,VRS
2396,vault-coin,Vault Coin,40:27.8,VLTC
2397,vaperscoin,Vaperscoin,40:27.8,VPRC
2398,cabbage,Cabbage,40:27.8,CAB
2399,anarchistsprime,Anarchistsprime,40:27.8,ACP
2400,braincoin,Braincoin,40:27.8,BRAIN
2401,ibank,Ibank,40:27.8,IBANK
2402,speedcash,Speedcash,40:27.8,SCS
2403,credence-coin,Credence Coin,40:27.8,CRDNC
2404,dollar-online,Dollar Online,40:27.8,DOLLAR
2405,unrealcoin,Unrealcoin,40:27.8,URC
2406,argus,Argus,40:27.8,ARGUS
2407,posex,Posex,40:27.9,PEX
2408,coimatic-2,Coimatic 2,40:27.9,CTIC2
2409,impulsecoin,Impulsecoin,40:27.9,IMPS
2410,coimatic-3,Coimatic 3,40:27.9,CTIC3
2411,biobar,Biobar,40:27.9,BIOB
2412,elysium,Elysium,40:27.9,ELS
2413,levoplus,Levoplus,40:27.9,LVPS
2414,futurexe,Futurexe,40:27.9,FXE
2415,crevacoin,Crevacoin,40:27.9,CREVA
2416,p7coin,P7coin,40:27.9,P7C
2417,ego,Ego,40:27.9,EGO
2418,cryptoescudo,Cryptoescudo,40:27.9,CESC
2419,ulatech,Ulatech,40:27.9,ULA
2420,rawcoin2,Rawcoin2,40:27.9,XRC
2421,magnum,Magnum,40:27.9,MGM
2422,concoin,Concoin,40:27.9,CONX
2423,geysercoin,Geysercoin,40:27.9,GSR
2424,project-x,Project X,40:27.9,NANOX
2425,tristar-coin,Tristar Coin,40:27.9,TSTR
2426,selfiecoin,Selfiecoin,40:27.9,SLFI
2427,enigma,Enigma,40:27.9,XNG
2428,harmonycoin-hmc,Harmonycoin Hmc,40:27.9,HMC
2429,ebittree-coin,Ebittree Coin,40:27.9,EBT
2430,digital-money-bits,Digital Money Bits,40:27.9,DMB
2431,abncoin,Abncoin,40:27.9,ABN
2432,caliphcoin,Caliphcoin,40:27.9,CALC
2433,applecoin-apw,Applecoin Apw,40:27.9,APW
2434,photon,Photon,40:27.9,PHO
2435,gcoin,Gcoin,40:27.9,GCN
2436,virtacoin,Virtacoin,40:27.9,VTA
2437,bitswift,Bitswift,40:27.9,SWIFT
2438,the-cypherfunks,The Cypherfunks,40:27.9,FUNK
2439,rustbits,Rustbits,40:27.9,RUSTBITS
2440,janus,Janus,40:27.9,JNS
2441,inpay,Inpay,40:27.9,INPAY
2442,bunnycoin,Bunnycoin,40:27.9,BUN
2443,cryptcoin,Cryptcoin,40:27.9,CRYPT
2444,woodcoin,Woodcoin,40:27.9,LOG
2445,yashcoin,Yashcoin,40:27.9,YASH
2446,shorty,Shorty,40:27.9,SHORTY
2447,ultimate-secure-cash,Ultimate Secure Cash,40:27.9,USC
2448,fimkrypto,Fimkrypto,40:27.9,FIMK
2449,arcade-token,Arcade Token,40:27.9,ARC
2450,lottocoin,Lottocoin,40:27.9,LOT
2451,corgicoin,Corgicoin,40:27.9,CORG
2452,casino,Casino,40:27.9,CASINO
2453,bankcoin,Bankcoin,40:27.9,B@
2454,stress,Stress,40:27.9,STS
2455,interzone,Interzone,40:27.9,ITZ
2456,fincoin,Fincoin,40:27.9,FNC
2457,ambercoin,Ambercoin,40:27.9,AMBER
2458,remicoin,Remicoin,40:27.9,RMC
2459,ganjacoin,Ganjacoin,40:27.9,MRJA
2460,valorbit,Valorbit,40:27.9,VAL
2461,wayguide,Wayguide,40:27.9,WAY
2462,briacoin,Briacoin,40:27.9,BRIA
2463,globalcoin,Globalcoin,40:27.9,GLC
2464,flycoin,Flycoin,40:27.9,FLY
2465,px,Px,40:27.9,PX
2466,blazecoin,Blazecoin,40:27.9,BLZ
2467,mutual-coin,Mutual Coin,40:27.9,MUT
2468,shilling,Shilling,40:27.9,SH
2469,coexistcoin,Coexistcoin,40:27.9,COXST
2470,secretcoin,Secretcoin,40:27.9,SCRT
2471,grantcoin,Grantcoin,40:27.9,GRT
2472,firecoin,Firecoin,40:27.9,FIRE
2473,joincoin,Joincoin,40:27.9,J
2474,freicoin,Freicoin,40:27.9,FRC
2475,shadow-token,Shadow Token,40:27.9,SHDW
2476,sproutsextreme,Sproutsextreme,40:27.9,SPEX
2477,islacoin,Islacoin,40:27.9,ISL
2478,newbium,Newbium,40:27.9,NEWB
2479,yacoin,Yacoin,40:27.9,YAC
2480,sling,Sling,40:27.9,SLING
2481,virtualcoin,Virtualcoin,40:27.9,VC
2482,franko,Franko,40:27.9,FRK
2483,wmcoin,Wmcoin,40:27.9,WMC
2484,ether-for-the-rest-of-the-world,Ether For The Rest Of The World,40:27.9,E4ROW
2485,crypto,Crypto,40:27.9,CTO
2486,sacoin,Sacoin,40:27.9,SAC
2487,boostcoin,Boostcoin,40:27.9,BOST
2488,californium,Californium,40:27.9,CF
2489,piecoin,Piecoin,40:27.9,PIE
2490,javascript-token,Javascript Token,40:27.9,JS
2491,guccionecoin,Guccionecoin,40:27.9,GCC
2492,pulse,Pulse,40:27.9,PULSE
2493,jewels,Jewels,40:27.9,JWL
2494,vip-tokens,Vip Tokens,40:27.9,VIP
2495,yellow-token,Yellow Token,40:27.9,YEL
2496,dreamcoin,Dreamcoin,40:27.9,DRM
2497,warp,Warp,40:27.9,WARP
2498,flavorcoin,Flavorcoin,40:27.9,FLVR
2499,asiadigicoin,Asiadigicoin,40:27.9,ADCN
2500,destiny,Destiny,40:27.9,DES
2501,beavercoin,Beavercoin,40:27.9,BVC
2502,ripto-bux,Ripto Bux,40:27.9,RBX
2503,cryptoworldx-token,Cryptoworldx Token,40:27.9,CWXT
2504,rsgpcoin,Rsgpcoin,40:27.9,RSGP
2505,billarycoin,Billarycoin,40:27.9,BLRY
2506,milocoin,Milocoin,40:27.9,MILO
2507,bowscoin,Bowscoin,40:27.9,BSC
2508,bios-crypto,Bios Crypto,40:27.9,BIOS
2509,zayedcoin,Zayedcoin,40:27.9,ZYD
2510,jobscoin,Jobscoin,40:27.9,JOBS
2511,arbit,Arbit,40:27.9,ARB
2512,mindcoin,Mindcoin,40:27.9,MND
2513,blackstar,Blackstar,40:27.9,BSTAR
2514,tagrcoin,Tagrcoin,40:27.9,TAGR
2515,gamebet-coin,Gamebet Coin,40:27.9,GBT
2516,steps,Steps,40:27.9,STEPS
2517,xonecoin,Xonecoin,40:27.9,XOC
2518,morningstar-payments,Morningstar Payments,40:27.9,MRNG
2519,mtmgaming,Mtmgaming,40:27.9,MTM
2520,tychocoin,Tychocoin,40:27.9,TYCHO
2521,zonecoin,Zonecoin,40:27.9,ZNE
2522,letitride,Letitride,40:27.9,LIR
2523,corethum,Corethum,40:27.9,CRTM
2524,sojourn,Sojourn,40:27.9,SOJ
2525,crtcoin,Crtcoin,40:27.9,CRT
2526,osmiumcoin,Osmiumcoin,40:27.9,OS76
2527,antilitecoin,Antilitecoin,40:27.9,ALTC
2528,nodecoin,Nodecoin,40:27.9,NODC
2529,sydpak,Sydpak,40:27.9,SDP
2530,frazcoin,Frazcoin,40:27.9,FRAZ
2531,agrolifecoin,Agrolifecoin,40:27.9,AGLC
2532,lex4all,Lex4all,40:27.9,LEX
2533,qibuck-asset,Qibuck Asset,40:27.9,QBK
2534,ccminer,Ccminer,40:27.9,CCM100
2535,save-and-gain,Save And Gain,40:27.9,SANDG
2536,gbcgoldcoin,Gbcgoldcoin,40:27.9,GBC
2537,digital-credits,Digital Credits,40:27.9,DGCS
2538,coffeecoin,Coffeecoin,40:27.9,CFC
2539,pizzacoin,Pizzacoin,40:27.9,PIZZA
2540,burstocean,Burstocean,40:27.9,OCEAN
2541,atmcoin,Atmcoin,40:27.9,ATMC
2542,ins-ecosystem,Ins Ecosystem,40:27.9,INS
2543,bitcoin-diamond,Bitcoin Diamond,40:27.9,BCD
2544,show,Show,40:27.9,SHOW
2545,swftcoin,Swftcoin,40:27.9,SWFTC
2546,medishares,Medishares,40:27.9,MDS
2547,bibox-token,Bibox Token,40:27.9,BIX
2548,internet-node-token,Internet Node Token,40:27.9,INT
2549,genaro-network,Genaro Network,40:27.9,GNX
2550,selfkey,Selfkey,40:27.9,KEY
2551,echolink,Echolink,40:27.9,EKO
2552,waykichain,Waykichain,40:27.9,WIC
2553,smartmesh,Smartmesh,40:27.9,SMT
2554,aidoc,Aidoc,40:27.9,AIDOC
2555,bitcoinx,Bitcoinx,40:27.9,BCX
2556,bottos,Bottos,40:27.9,BTO
2557,game,Game,40:27.9,GTC
2558,cappasity,Cappasity,40:27.9,CAPP
2559,kcash,Kcash,40:27.9,KCASH
2560,html-coin,Html Coin,40:27.9,HTML
2561,high-performance-blockchain,High Performance Blockchain,40:27.9,HPB
2562,topchain,Topchain,40:27.9,TOPC
2563,energo,Energo,40:27.9,TSL
2564,coinlancer,Coinlancer,40:27.9,CL
2565,olympus-labs,Olympus Labs,40:27.9,MOT
2566,qlink,Qlink,40:27.9,QLC
2567,micromoney,Micromoney,40:27.9,AMM
2568,canyacoin,Canyacoin,40:27.9,CAN
2569,hyper-pay,Hyper Pay,40:27.9,HPY
2570,trade-token,Trade Token,40:27.9,TIO
2571,super-bitcoin,Super Bitcoin,40:27.9,SBTC
2572,tezos,Tezos,40:27.9,XTZ
2573,lendconnect,Lendconnect,40:27.9,LCT
2574,kubera-coin,Kubera Coin,40:27.9,KBR
2575,bitclave,Bitclave,40:27.9,CAT
2576,aigang,Aigang,40:27.9,AIX
2577,fairgame,Fairgame,40:27.9,FAIR
2578,qbao,Qbao,40:27.9,QBT
2579,fargocoin,Fargocoin,40:27.9,FRGC
2580,ignis,Ignis,40:27.9,IGNIS
2581,sophiatx,Sophiatx,40:27.9,SPHTX
2582,segwit2x,Segwit2x,40:27.9,B2X
2583,viuly,Viuly,40:27.9,VIU
2584,ugchain,Ugchain,40:27.9,UGC
2585,aware,Aware,40:27.9,AWR
2586,cfun,Cfun,40:27.9,CFUN
2587,measurable-data-token,Measurable Data Token,40:27.9,MDT
2588,cyder,Cyder,40:27.9,CYDER
2589,ug-token,Ug Token,40:27.9,UGT
2590,win-coin,Win Coin,40:27.9,WC
2591,rebellious,Rebellious,40:27.9,REBL
2592,filecoin,Filecoin,40:27.9,FIL
2593,bigone-token,Bigone Token,40:27.9,BIG
2594,telcoin,Telcoin,40:27.9,TEL
2595,ea-coin,Ea Coin,40:27.9,EAG
2596,comsa-eth,Comsa Eth,40:27.9,CMS
2597,atn,Atn,40:27.9,ATN
2598,stronghands,Stronghands,40:27.9,SHND
2599,maker,Maker,40:27.9,MKR
2600,poly-ai,Poly Ai,40:27.9,AI
2601,united-bitcoin,United Bitcoin,40:27.9,UBTC
2602,bitdegree,Bitdegree,40:27.9,BDG
2603,zap,Zap,40:27.9,ZAP
2604,b3coin,B3coin,40:27.9,B3
2605,comsa-xem,Comsa Xem,40:27.9,CMS
2606,infchain,Infchain,40:27.9,INF
2607,ace,Ace,40:27.9,ACE
2608,cloud,Cloud,40:27.9,CLD
2609,mixin,Mixin,40:27.9,XIN
2610,homeblockcoin,Homeblockcoin,40:27.9,HBC
2611,weth,Weth,40:27.9,WETH
2612,jingtum-tech,Jingtum Tech,40:27.9,SWTC
2613,polis,Polis,40:27.9,POLIS
2614,htmlcoin,Htmlcoin,40:27.9,HTML5
2615,davorcoin,Davorcoin,40:27.9,DAV
2616,cryptopiafeeshares,Cryptopiafeeshares,40:27.9,CEFS
2617,clubcoin,Clubcoin,40:27.9,CLUB
2618,numus,Numus,40:27.9,NMS
2619,bitair,Bitair,40:27.9,BTCA
2620,infinitecoin,Infinitecoin,40:27.9,IFC
2621,fapcoin,Fapcoin,40:27.9,FAP
2622,fazzcoin,Fazzcoin,40:27.9,FAZZ
2623,antimatter,Antimatter,40:27.9,ANTX
2624,sphre-air,Sphre Air,40:27.9,XID
2625,lightning-bitcoin,Lightning Bitcoin,40:27.9,LBTC
2626,lltoken,Lltoken,40:27.9,LLT
2627,ignition,Ignition,40:27.9,IC
2628,tokenclub,Tokenclub,40:27.9,TCT
2629,escoro,Escoro,40:27.9,ESC
2630,hackspace-capital,Hackspace Capital,40:27.9,HAC
2631,swisscoin,Swisscoin,40:27.9,SIC
2632,uquid-coin,Uquid Coin,40:27.9,UQC
2633,coupecoin,Coupecoin,40:27.9,COUPE
2634,bitsoar,Bitsoar,40:27.9,BSR
2635,bitserial,Bitserial,40:27.9,BTE
2636,bitcoin-atom,Bitcoin Atom,40:27.9,BCA
2637,neo-gold,Neo Gold,40:27.9,NEOG
2638,dimcoin,Dimcoin,40:27.9,DIM
2639,tokugawa,Tokugawa,40:27.9,TOK
2640,karma,Karma,40:27.9,KRM
2641,infinity-economics,Infinity Economics,40:27.9,XIN
2642,golos-gold,Golos Gold,40:27.9,GBG
2643,zengold,Zengold,40:27.9,ZENGOLD
2644,spectre-dividend,Spectre Dividend,40:27.9,SXDT
2645,vezt,Vezt,40:27.9,VZT
2646,strikebitclub,Strikebitclub,40:27.9,SBC
2647,bankex,Bankex,40:27.9,BKX
2648,fidentiax,Fidentiax,40:27.9,FDX
2649,ties-network,Ties Network,40:27.9,TIE
2650,granitecoin,Granitecoin,40:27.9,GRN
2651,pluscoin,Pluscoin,40:27.9,PLC
2652,uttoken,Uttoken,40:27.9,UTT
2653,gold-reward-token,Gold Reward Token,40:27.9,GRX
2654,bitcoin-god,Bitcoin God,40:27.9,GOD
2655,plexcoin,Plexcoin,40:27.9,PLX
2656,blockcdn,Blockcdn,40:27.9,BCDN
2657,high-gain,High Gain,40:27.9,HIGH
2658,litecoin-gold,Litecoin Gold,40:27.9,LTG
2659,leverj,Leverj,40:27.9,LEV
2660,bloomtoken,Bloomtoken,40:27.9,BLT
2661,spectre-utility,Spectre Utility,40:27.9,SXUT
2662,kzcash,Kzcash,40:27.9,KZC
2663,boscoin,Boscoin,40:27.9,BOS
2664,op-coin,Op Coin,40:27.9,OPC
2665,numuscash,Numuscash,40:27.9,NUMUS
2666,guts-tickets,Guts Tickets,40:27.9,GET
2667,terranova,Terranova,40:27.9,TER
2668,nimfamoney,Nimfamoney,40:27.9,NIMFA
2669,magiccoin,Magiccoin,40:27.9,MAGE
2670,gamechain,Gamechain,40:27.9,GCS
2671,pylon-network,Pylon Network,40:27.9,PYLNT
2672,protean,Protean,40:27.9,PRN
2673,starbase,Starbase,40:27.9,STAR
2674,suretly,Suretly,40:27.9,SUR
2675,btcmoon,Btcmoon,40:27.9,BTCM
2676,regacoin,Regacoin,40:27.9,REGA
2677,exrnchain,Exrnchain,40:27.9,EXRN
2678,hodl-bucks,Hodl Bucks,40:27.9,HDLB
2679,phantomx,Phantomx,40:27.9,PNX
2680,cryptopay,Cryptopay,40:27.9,CPAY
2681,safe-trade-coin,Safe Trade Coin,40:27.9,XSTC
2682,uncoin,Uncoin,40:27.9,UNC
2683,akuya-coin,Akuya Coin,40:27.9,AKY
2684,sisa,Sisa,40:27.9,SISA
2685,wi-coin,Wi Coin,40:27.9,WIC
2686,chronologic,Chronologic,40:27.9,DAY
2687,peepcoin,Peepcoin,40:27.9,PCN
2688,aces,Aces,40:27.9,ACES
2689,animecoin,Animecoin,40:27.9,ANI
2690,edrcoin,Edrcoin,40:27.9,EDRC
2691,bestchain,Bestchain,40:27.9,BEST
2692,peacecoin,Peacecoin,40:27.9,PEC
2693,fonziecoin,Fonziecoin,40:27.9,FONZ
2694,india-coin,India Coin,40:27.9,INDIA
2695,ur,Ur,40:27.9,UR
2696,iquant,Iquant,40:27.9,IQT
2697,irishcoin,Irishcoin,40:27.9,IRL
2698,anryze,Anryze,40:27.9,RYZ
2699,vpncoin,Vpncoin,40:27.9,VASH
2700,dimoncoin,Dimoncoin,40:27.9,FUDD
2701,techshares,Techshares,40:27.9,THS
2702,francs,Francs,40:27.9,FRN
2703,msd,Msd,40:27.9,MSD
2704,ethereum-lite,Ethereum Lite,40:27.9,ELITE
2705,cbd-crystals,Cbd Crystals,40:27.9,CBD
2706,safecoin,Safecoin,40:27.9,SFE
2707,topcoin,Topcoin,40:27.9,TOP
2708,wearesatoshi,Wearesatoshi,40:27.9,WSX
2709,gaycoin,Gaycoin,40:27.9,GAY
2710,halloween-coin,Halloween Coin,40:27.9,HALLO
2711,uahpay,Uahpay,40:27.9,UAHPAY
2712,bitcedi,Bitcedi,40:27.9,BXC
2713,vulcano,Vulcano,40:27.9,VULC
2714,turbocoin,Turbocoin,40:27.9,TURBO
2715,matryx,Matryx,40:27.9,MTX
2716,dutch-coin,Dutch Coin,40:27.9,DUTCH
2717,pirate-blocks,Pirate Blocks,40:27.9,SKULL
2718,sigmacoin,Sigmacoin,40:27.9,SIGMA
2719,sharkcoin,Sharkcoin,40:27.9,SAK
2720,sand-coin,Sand Coin,40:27.9,SND
2721,rublebit,Rublebit,40:27.9,RUBIT
2722,bitok,Bitok,40:27.9,BITOK
2723,triaconta,Triaconta,40:27.9,TRIA
2724,elacoin,Elacoin,40:27.9,ELC
2725,flappycoin,Flappycoin,40:27.9,FLAP
2726,donationcoin,Donationcoin,40:27.9,DON
2727,macro1,Macro1,40:27.9,MCR
2728,zilbercoin,Zilbercoin,40:27.9,ZBC
2729,corion,Corion,40:27.9,COR
2730,everus,Everus,40:27.9,EVR
2731,encryptotel-eth,Encryptotel Eth,40:27.9,ETT
2732,landcoin,Landcoin,40:27.9,LDCN
2733,wowcoin,Wowcoin,40:27.9,WOW
2734,zsecoin,Zsecoin,40:27.9,ZSE
2735,content-and-ad-network,Content And Ad Network,40:27.9,CAN
2736,primulon,Primulon,40:27.9,PRIMU
2737,minex,Minex,40:28.0,MINEX
2738,xtd-coin,Xtd Coin,40:28.0,XTD
2739,glasscoin,Glasscoin,40:28.0,GLS
2740,alphabitcoinfund,Alphabitcoinfund,40:28.0,ABC
2741,compcoin,Compcoin,40:28.0,CMP
2742,bitcoin2x,Bitcoin2x,40:28.0,BTC2X
2743,dynamiccoin,Dynamiccoin,40:28.0,DMC
2744,tattoocoin-limited,Tattoocoin Limited,40:28.0,TLE
2745,eusd,Eusd,40:28.0,EUSD
2746,bitbase,Bitbase,40:28.0,BTBc
2747,eventchain,Eventchain,40:28.0,EVC
2748,bitcoin-silver,Bitcoin Silver,40:28.0,BTCS
2749,mergecoin,Mergecoin,40:28.0,MGC
2750,sakuracoin,Sakuracoin,40:28.0,SKR
2751,cycling-coin,Cycling Coin,40:28.0,CYC
2752,t-coin,T Coin,40:28.0,TCOIN
2753,cubits,Cubits,40:28.0,QBT
2754,huncoin,Huncoin,40:28.0,HNC
2755,magnetcoin,Magnetcoin,40:28.0,MAGN
2756,todaycoin,Todaycoin,40:28.0,TODAY
2757,musiconomi,Musiconomi,40:28.0,MCI
2758,blockchain-index,Blockchain Index,40:28.0,BLX
2759,universalroyalcoin,Universalroyalcoin,40:28.0,UNRC
2760,shacoin,Shacoin,40:28.0,SHA
2761,marxcoin,Marxcoin,40:28.0,MARX
2762,rcoin,Rcoin,40:28.0,RCN
2763,storjcoin-x,Storjcoin X,40:28.0,SJCX
2764,swapcoin,Swapcoin,40:28.0,SWP
2765,ugain,Ugain,40:28.0,GAIN
2766,birds,Birds,40:28.0,BIRDS
2767,goldmaxcoin,Goldmaxcoin,40:28.0,GMX
2768,bastonet,Bastonet,40:28.0,BSN
2769,runners,Runners,40:28.0,RUNNERS
2770,ibtc,Ibtc,40:28.0,IBTC
2771,golfcoin,Golfcoin,40:28.0,GOLF
2772,egold,Egold,40:28.0,EGOLD
2773,pinkdog,Pinkdog,40:28.0,PDG
2774,ox-fina,Ox Fina,40:28.0,OX
2775,ebit,Ebit,40:28.0,EBIT
2776,karmacoin,Karmacoin,40:28.0,KARMA
2777,tellurion,Tellurion,40:28.0,TELL
2778,wink,Wink,40:28.0,WINK
2779,blazercoin,Blazercoin,40:28.0,BLAZR
2780,first-bitcoin,First Bitcoin,40:28.0,BIT
2781,teracoin,Teracoin,40:28.0,TERA
2782,bubble,Bubble,40:28.0,BUB
2783,soma,Soma,40:28.0,SCT
2784,richcoin,Richcoin,40:28.0,RICHX
2785,deuscoin,Deuscoin,40:28.0,DEUS
2786,netbit,Netbit,40:28.0,NBIT
2787,rupaya-old,Rupaya Old,40:28.0,RUPX
2788,aseancoin,Aseancoin,40:28.0,ASN
2789,happy-creator-coin,Happy Creator Coin,40:28.0,HCC
2790,moneta2,Moneta2,40:28.0,MONETA
2791,pokecoin,Pokecoin,40:28.0,POKE
2792,deltacredits,Deltacredits,40:28.0,DCRE
2793,axiom,Axiom,40:28.0,AXIOM
2794,royalcoin,Royalcoin,40:28.0,ROYAL
2795,dashs,Dashs,40:28.0,DASHS
2796,betacoin,Betacoin,40:28.0,BET
2797,cheapcoin,Cheapcoin,40:28.0,CHEAP
2798,avoncoin,Avoncoin,40:28.0,ACN
2799,gameleaguecoin,Gameleaguecoin,40:28.0,GML
2800,alpacoin,Alpacoin,40:28.0,APC
2801,global-business-revolution,Global Business Revolution,40:28.0,GBRC
2802,eltc,Eltc,40:28.0,ELTC2
2803,teamup,Teamup,40:28.0,TEAM
2804,stex,Stex,40:28.0,STEX
2805,10mtoken,10mtoken,40:28.0,10MT
2806,mavro,Mavro,40:28.0,MAVRO
2807,cybercoin,Cybercoin,40:28.0,CC
2808,paypeer,Paypeer,40:28.0,PAYP
2809,topaz,Topaz,40:28.0,TOPAZ
2810,kashhcoin,Kashhcoin,40:28.0,KASHH
2811,cash-poker-pro,Cash Poker Pro,40:28.0,CASH
2812,bitalphacoin,Bitalphacoin,40:28.0,BAC
2813,president-trump,President Trump,40:28.0,PRES
2814,wa-space,Wa Space,40:28.0,WA
2815,lepen,Lepen,40:28.0,LEPEN
2816,operand,Operand,40:28.0,OP
2817,infinity-pay,Infinity Pay,40:28.0,IPY
2818,natcoin,Natcoin,40:28.0,NTC
2819,hyper,Hyper,40:28.0,HYPER
2820,thecreed,Thecreed,40:28.0,TCR
2821,namocoin,Namocoin,40:28.0,NAMO
2822,leekico,Leekico,40:28.0,LEEK
2823,eggcoin,Eggcoin,40:28.0,EGG
2824,peoplecoin,Peoplecoin,40:28.0,MEN
2825,quotient,Quotient,40:28.0,XQN
2826,pabyosi-coin-special,Pabyosi Coin Special,40:28.0,PCS
2827,qora,Qora,40:28.0,QORA
2828,x2,X2,40:28.0,X2
2829,frankywillcoin,Frankywillcoin,40:28.0,FRWC
2830,fireflycoin,Fireflycoin,40:28.0,FFC
2831,digital-bullion-gold,Digital Bullion Gold,40:28.0,DBG
2832,linkedcoin,Linkedcoin,40:28.0,LKC
2833,facecoin,Facecoin,40:28.0,FC
2834,shellcoin,Shellcoin,40:28.0,SHELL
2835,trickycoin,Trickycoin,40:28.0,TRICK
2836,yescoin,Yescoin,40:28.0,YES
2837,the-vegan-initiative,The Vegan Initiative,40:28.0,XVE
2838,xaucoin,Xaucoin,40:28.0,XAU
2839,mmxvi,Mmxvi,40:28.0,MMXVI
2840,cashme,Cashme,40:28.0,CME
2841,xde-ii,Xde Ii,40:28.0,XDE2
2842,bitfid,Bitfid,40:28.0,FID
2843,voyacoin,Voyacoin,40:28.0,VOYA
2844,moneycoin,Moneycoin,40:28.0,MONEY
2845,darklisk,Darklisk,40:28.0,DISK
2846,sportscoin,Sportscoin,40:28.0,SPORT
2847,faceblock,Faceblock,40:28.0,FBL
2848,first-bitcoin-capital,First Bitcoin Capital,40:28.0,BITCF
2849,lazaruscoin,Lazaruscoin,40:28.0,LAZ
2850,utacoin,Utacoin,40:28.0,UTA
2851,psilocybin,Psilocybin,40:28.0,PSY
2852,rhfcoin,Rhfcoin,40:28.0,RHFC
2853,prismchain,Prismchain,40:28.0,PRM
2854,dubstep,Dubstep,40:28.0,DUB
2855,opescoin,Opescoin,40:28.0,OPES
2856,hyper-tv,Hyper Tv,40:28.0,HYTV
2857,lathaan,Lathaan,40:28.0,LTH
2858,avatarcoin,Avatarcoin,40:28.0,AV
2859,invisiblecoin,Invisiblecoin,40:28.0,IVZ
2860,omicron,Omicron,40:28.0,OMC
2861,futcoin,Futcoin,40:28.0,FUTC
2862,snakeeyes,Snakeeyes,40:28.0,SNAKE
2863,mobilecash,Mobilecash,40:28.0,MBL
2864,batcoin,Batcoin,40:28.0,BAT
2865,rabbitcoin,Rabbitcoin,40:28.0,RBBT
2866,teslacoilcoin,Teslacoilcoin,40:28.0,TESLA
2867,international-diamond,International Diamond,40:28.0,XID
2868,president-johnson,President Johnson,40:28.0,GARY
2869,internet-of-things,Internet Of Things,40:28.0,XOT
2870,goldunioncoin,Goldunioncoin,40:28.0,GUC
2871,aidos-kuneen,Aidos Kuneen,40:28.0,ADK
2872,royalties,Royalties,40:28.0,XRY
2873,ocow,Ocow,40:28.0,OCOW
2874,9coin,9coin,40:28.0,9COIN
2875,bt1-cst,Bt1 Cst,40:28.0,BT1
2876,bt2-cst,Bt2 Cst,40:28.0,BT2
2877,xylo,Xylo,40:28.0,XYLO
2878,santa-coin,Santa Coin,40:28.0,STC
2879,farstcoin,Farstcoin,40:28.0,FRCT
2880,madcoin,Madcoin,40:28.0,MDC
2881,entcash,Entcash,40:28.0,ENT
2882,kemcredit,Kemcredit,40:28.0,KMC
2883,oyster,Oyster,14:09.1,PRL
2884,iostoken,Iostoken,14:11.0,IOST
2885,spacechain,Spacechain,14:11.0,SPC
2886,moac,Moac,14:11.0,MOAC
2887,realchain,Realchain,14:11.1,RCT
2888,oneroot-network,Oneroot Network,14:11.1,RNT
2889,aichain,Aichain,14:11.1,AIT
2890,etherdelta-token,Etherdelta Token,14:11.1,EDT
2891,ethorse,Ethorse,14:11.1,HORSE
2892,investdigital,Investdigital,14:11.1,IDT
2893,qube,Qube,14:11.1,QUBE
2894,harvest-masternode-coin,Harvest Masternode Coin,14:11.2,HC
2895,tokyo,Tokyo,14:11.2,TOKC
2896,galactrum,Galactrum,14:11.2,ORE
2897,global-jobcoin,Global Jobcoin,14:11.3,GJC
2898,casinocoin,Casinocoin,14:11.5,CSC
2899,jiyo,Jiyo,18:35.2,JIYO
2900,theta-token,Theta Token,38:52.9,THETA
2901,profile-utility-token,Profile Utility Token,38:53.0,PUT
2902,purpose,Purpose,38:53.0,PRPS
2903,maverick-chain,Maverick Chain,38:53.1,MVC
2904,arbitragect,Arbitragect,38:53.1,ARCT
2905,aurora-dao,Aurora Dao,51:08.2,AURA
2906,insurepal,Insurepal,51:08.9,IPL
2907,singularitynet,Singularitynet,51:09.0,AGI
2908,idex-membership,Idex Membership,51:09.0,IDXM
2909,nitro,Nitro,51:09.1,NOX
2910,sharex,Sharex,32:32.2,SEXC
2911,chatcoin,Chatcoin,32:32.4,CHAT
2912,hydro-protocol,Hydro Protocol,32:32.5,HOT
2913,scryinfo,Scryinfo,32:32.5,DDD
2914,gatcoin,Gatcoin,32:32.5,GAT
2915,titanium-blockchain,Titanium Blockchain,32:32.7,BAR
2916,mobius,Mobius,32:32.9,MOBI
2917,lightchain,Lightchain,13:15.6,LIGHT
2918,acute-angle-cloud,Acute Angle Cloud,13:15.6,AAC
2919,yee,Yee,13:15.6,YEE
2920,selfsell,Selfsell,13:15.6,SSC
2921,starchain,Starchain,13:15.6,STC
2922,read,Read,13:15.6,READ
2923,ipchain,Ipchain,13:15.6,IPC
2924,maggie,Maggie,13:15.7,MAG
2925,reftoken,Reftoken,13:15.7,REF
2926,trinity-network-credit,Trinity Network Credit,41:28.1,TNC
2927,c20,C20,41:29.5,C20
2928,timescoin,Timescoin,41:29.8,TMC
2929,molecular-future,Molecular Future,51:35.9,MOF
2930,data,Data,32:11.4,DTA
2931,carvertical,Carvertical,32:11.4,cV
2932,crypterium,Crypterium,32:11.5,CRPT
2933,sparks,Sparks,32:11.5,SPK
2934,decentralized-universal-basic-income,Decentralized Universal Basic Income,32:11.5,DUBI
2935,block-array,Block Array,33:34.6,ARY
2936,covesting,Covesting,33:34.7,COV
2937,unlimitedip,Unlimitedip,06:56.7,UIP
2938,educare,Educare,06:56.7,EKT
2939,pressone,Pressone,06:56.7,PRS
2940,tokenbox,Tokenbox,06:56.8,TBX
2941,ofcoin,Ofcoin,11:57.7,OF
2942,true-chain,True Chain,11:57.7,TRUE
2943,odyssey,Odyssey,46:51.4,OCN
2944,indahash,Indahash,46:51.4,IDH
2945,guess,Guess,46:51.4,GUESS
2946,qbic,Qbic,46:51.5,QBC
2947,aidcoin,Aidcoin,16:23.3,AID
2948,devery,Devery,16:23.6,EVE
2949,bitcoin-lightning,Bitcoin Lightning,16:23.6,BLT
2950,blockport,Blockport,16:23.7,BPT
2951,origintrail,Origintrail,44:59.6,TRAC
2952,axpire,Axpire,44:59.7,AXP
2953,linkeye,Linkeye,44:59.9,LET
2954,coinmeet,Coinmeet,52:33.0,MEE
2955,pundi-x,Pundi X,52:33.2,PSX
2956,smartlands,Smartlands,52:33.3,SLT
2957,zilliqa,Zilliqa,52:33.5,ZIL
2958,fortuna,Fortuna,34:47.1,FOTA
2959,all-sports,All Sports,35:53.9,SOC
2960,matrix-ai-network,Matrix Ai Network,35:54.2,MAN
2961,garlicoin,Garlicoin,35:54.3,GRLC
2962,ruff,Ruff,40:07.7,RUFF
2963,coinfi,Coinfi,40:08.4,COFI
2964,nework,Nework,40:08.4,NKC
2965,blackmoon,Blackmoon,51:03.6,BMC
2966,gcn-coin,Gcn Coin,51:03.8,GCN
2967,halalchain,Halalchain,22:58.1,HLC
2968,equal,Equal,22:58.2,EQL
2969,electronic-pk-chain,Electronic Pk Chain,10:20.4,EPC
2970,zeepin,Zeepin,10:20.9,ZPT
2971,oceanchain,Oceanchain,10:20.9,OC
2972,cpchain,Cpchain,10:20.9,CPC
2973,valuechain,Valuechain,10:20.9,VLC
2974,candy,Candy,10:20.9,CANDY
2975,speed-mining-service,Speed Mining Service,10:21.0,SMS
2976,bitcoin-white,Bitcoin White,10:21.0,BTW
2977,health-mutual-society,Health Mutual Society,10:21.3,HMS
2978,sense,Sense,47:31.1,SENSE
2979,cargox,Cargox,14:00.4,CXO
2980,travelflex,Travelflex,14:00.5,TRF
2981,elastos,Elastos,56:10.8,ELA
2982,monero-gold,Monero Gold,20:32.9,XMRG
2983,pareto-network,Pareto Network,20:32.9,PARETO
2984,polymath-network,Polymath Network,20:32.9,POLY
2985,stk,Stk,20:32.9,STK
2986,grandcoin,Grandcoin,36:47.8,GDC
2987,zilla,Zilla,10:18.2,ZIL
2988,adbank,Adbank,10:18.2,ADB
2989,swissborg,Swissborg,10:18.2,CHSB
2990,medical-chain,Medical Chain,10:18.2,MTN
2991,huobi-token,Huobi Token,00:45.8,HT
2992,dmarket,Dmarket,00:45.9,DMT
2993,sportyco,Sportyco,35:51.0,SPF
2994,iungo,Iungo,17:19.4,ING
2995,jibrel-network,Jibrel Network,14:40.4,JNT
2996,bluzelle,Bluzelle,35:05.6,BLZ
2997,swarm-fund,Swarm Fund,14:29.8,SWM
2998,thekey,Thekey,02:30.1,TKY
2999,klondikecoin,Klondikecoin,38:48.4,KDC
3000,drp-utility,Drp Utility,26:10.8,DRPU
3001,ethersportz,Ethersportz,12:24.8,ESZ
3002,datawallet,Datawallet,08:51.4,DXT
3003,wepower,Wepower,13:52.9,WPR
3004,ucash,Ucash,56:57.9,UCASH
3005,locicoin,Locicoin,56:58.2,LOCI
3006,leafcoin,Leafcoin,56:58.4,LEAF
3007,animation-vision-cash,Animation Vision Cash,56:58.7,AVH
3008,acchain,Acchain,56:58.7,ACC
3009,mktcoin,Mktcoin,56:58.7,MLM
3010,shekel,Shekel,56:58.7,JEW
3011,goldmint,Goldmint,56:58.7,MNTP
3012,indicoin,Indicoin,56:58.7,INDI
3013,jesus-coin,Jesus Coin,51:58.1,JC
3014,slothcoin,Slothcoin,07:20.5,SLOTH
3015,sjwcoin,Sjwcoin,31:11.7,SJW
3016,sureremit,Sureremit,06:15.2,RMT
3017,fusion,Fusion,06:15.8,FSN
3018,universa,Universa,06:15.8,UTNP
3019,alphacat,Alphacat,06:15.8,ACAT
3020,envion,Envion,06:15.8,EVN
3021,tigereum,Tigereum,06:15.8,TIG
3022,superior-coin,Superior Coin,06:15.8,SUP
3023,levocoin,Levocoin,06:15.8,LEVO
3024,cashaa,Cashaa,06:15.8,CAS
3025,biocoin,Biocoin,06:15.8,BIO
3026,dether,Dether,06:15.8,DTH
3027,smoke,Smoke,06:16.0,SMOKE
3028,w3coin,W3coin,39:56.5,W3C
3029,etherecash,Etherecash,44:57.8,ECH
3030,red-mwat,Red Mwat,55:04.0,MWAT
3031,gladius-token,Gladius Token,30:23.2,GLA
3032,nano,Nano,47:22.9,NANO
3033,waltonchain,Waltonchain,47:22.9,WTC
3034,xpa,Xpa,47:22.9,XPA
3035,get-protocol,Get Protocol,47:23.1,GET
3036,uniform-fiscal-object,Uniform Fiscal Object,47:23.1,UFO
3037,manna,Manna,47:23.2,MANNA
3038,hi-mutual-society,Hi Mutual Society,47:23.3,HMC
3039,dadi,Dadi,01:07.3,DADI
3040,neurotoken,Neurotoken,01:07.4,NTK
3041,gems-protocol,Gems Protocol,59:36.4,GEM
3042,bitshares-music,Bitshares Music,02:52.3,MUSE
3043,datacoin,Datacoin,33:23.2,DTC
3044,hive-project,Hive Project,55:37.2,HVN
3045,republic-protocol,Republic Protocol,22:10.7,REN
3046,litecoin-cash,Litecoin Cash,37:49.0,LCC
3047,polcoin,Polcoin,30:22.1,PLC
3048,tidex-token,Tidex Token,05:33.0,TDX
3049,copytrack,Copytrack,19:27.6,CPY
3050,karbo,Karbo,54:55.8,KRB
3051,nucleus-vision,Nucleus Vision,16:16.5,NCASH
3052,arcblock,Arcblock,46:25.7,ABT
3053,remme,Remme,42:09.6,REM
3054,experty,Experty,24:39.3,EXY
3055,reset-energy-mwat,Reset Energy Mwat,23:40.7,MWAT
3056,tiesdb,Tiesdb,48:48.9,TIE
3057,restart-energy-mwat,Restart Energy Mwat,25:12.7,MWAT
3058,sociall,Sociall,55:37.1,SCL
3059,poa-network,Poa Network,40:41.9,POA
3060,rock,Rock,37:38.7,RKT
3061,ink-protocol,Ink Protocol,37:38.7,XNK
3062,bezop,Bezop,10:32.6,BEZ
3063,iht-real-estate-protocol,Iht Real Estate Protocol,35:23.8,IHT
3064,refereum,Refereum,35:23.8,RFR
3065,lympo,Lympo,28:24.5,LYM
3066,sether,Sether,28:24.5,SETH
3067,credits,Credits,10:58.2,CS
3068,insights-network,Insights Network,10:58.3,INSTAR
3069,bee-token,Bee Token,10:58.3,BEE
3070,cube,Cube,55:14.0,AUTO
3071,liveedu,Liveedu,47:31.7,LEDU
3072,interplanetary-broadcast-coin,Interplanetary Broadcast Coin,47:31.7,IPBC
3073,eztoken,Eztoken,47:31.7,EZT
3074,true-usd,True Usd,36:07.5,TUSD
3075,education-ecosystem,Education Ecosystem,29:01.9,LEDU
3076,bitwhite,Bitwhite,26:06.4,BTW
3077,ammo-reloaded,Ammo Reloaded,55:39.2,AMMO
3078,blox,Blox,00:25.0,CDT
3079,hoqu,Hoqu,42:43.7,HQX
3080,startercoin,Startercoin,21:37.2,STAC
3081,gxchain,Gxchain,03:52.4,GXS
3082,ontology,Ontology,23:11.8,ONT
3083,datx,Datx,29:39.4,DATX
3084,jet8,Jet8,01:37.1,J8T
3085,coinpoker,Coinpoker,25:54.5,CHP
3086,tomochain,Tomochain,39:10.3,TOMO
3087,electrifyasia,Electrifyasia,07:16.0,ELEC
3088,babb,Babb,07:16.0,BAX
3089,graft,Graft,07:16.1,GRFT
3090,spherepay,Spherepay,00:58.1,SAY
3091,bitcoin-private,Bitcoin Private,59:52.9,BTCP
3092,tokenomy,Tokenomy,21:31.0,TEN
3093,te-food,Te Food,40:37.5,TFD
3094,ravencoin,Ravencoin,46:59.5,RVN
3095,shipchain,Shipchain,59:55.0,SHIP
3096,leadcoin,Leadcoin,11:05.3,LDC
3097,sharpe-capital,Sharpe Capital,21:53.6,SHP
3098,lala-world,Lala World,21:53.6,LALA
3099,octoin-coin,Octoin Coin,41:51.7,OCC
3100,sharpe-platform-token,Sharpe Platform Token,08:11.0,SHP
3101,bullion,Bullion,32:10.4,CBX
3102,debitum-network,Debitum Network,47:02.3,DEB
3103,centrality,Centrality,42:52.5,CENNZ
3104,storiqa,Storiqa,26:11.5,STQ
3105,havven,Havven,59:58.7,HAV
3106,loom-network,Loom Network,36:29.0,LOOM
3107,legolas-exchange,Legolas Exchange,36:29.1,LGO
3108,guaranteed-ethurance-token-extra,Guaranteed Ethurance Token Extra,23:39.0,GETX
3109,fluz,Fluz,00:52.0,FLUZ
3110,fluz-fluz,Fluz Fluz,23:21.1,FLUZ
3111,revolutionvr,Revolutionvr,02:57.2,VOX
3112,hirematch,Hirematch,13:06.3,HIRE
3113,dropil,Dropil,17:59.4,DROP
3114,banca,Banca,35:04.8,BANCA
3115,ost,Ost,07:56.3,OST
3116,global-cryptocurrency,Global Cryptocurrency,12:52.5,GCC
3117,uptoken,Uptoken,12:52.7,UP
3118,dragon-coins,Dragon Coins,12:52.8,DRG
3119,nanjcoin,Nanjcoin,12:52.8,NANJ
3120,noah-coin,Noah Coin,17:44.1,NOAH
3121,banyan-network,Banyan Network,17:44.1,BBN
3122,1world,1world,17:44.1,1WO
3123,latiumx,Latiumx,17:44.1,LATX
3124,napoleonx,Napoleonx,17:44.2,NPX
3125,pundi-x-old,Pundi X Old,27:03.8,PXS
3126,bitcoin-green,Bitcoin Green,27:04.4,BITG
3127,bnktothefuture,Bnktothefuture,27:04.4,BFT
3128,mediccoin,Mediccoin,27:04.5,MEDIC
,,,,
(1687 rows affected),,,,
